Estrelas,Idade em anos,Releases,Linhas totais,Media de CBO's,Mediana de CBO's,Media de DIT's,Mediana de DIT's,Media de LCOM's,Mediana de LCOM's
110440.0,2.3698630136986303,9.0,7700.0,1.8744186046511628,2.0,1.0,1.0,4.706976744186046,1.0
91009.0,10.613698630136986,0.0,34593.0,3.3572204125950056,3.0,1.201954397394137,1.0,1.8680781758957654,0.0
79536.0,6.958904109589041,3.0,100903.0,3.9407894736842106,3.0,1.2394736842105263,1.0,1110.803947368421,13.0
76476.0,12.419178082191781,300.0,389943.0,5.279619076184763,4.0,1.2910917816436713,1.0,12.564262147570487,0.0
75771.0,6.284931506849315,0.0,75.0,1.0,1.0,1.0,1.0,0.0,0.0
64017.0,8.09041095890411,0.0,5622.0,1.3035019455252919,1.0,1.0077821011673151,1.0,0.2918287937743191,0.0
61110.0,8.676712328767124,0.0,51670.0,1.9895977808599168,2.0,1.0464632454923717,1.0,6.94244105409154,1.0
57571.0,14.284931506849315,327.0,729125.0,5.222486144101346,3.0,1.4635222259925347,1.0,29.89373374052709,0.0
54293.0,2.136986301369863,118.0,17394.0,7.833810888252149,5.0,1.320916905444126,1.0,12.925501432664756,0.0
50590.0,10.810958904109588,48.0,255755.0,4.009322560596644,2.0,1.807644499689248,1.0,47.69717215661902,0.0
48045.0,12.194520547945206,235.0,370369.0,2.499789331760344,1.0,1.3153282211173842,1.0,47.41636470885649,0.0
43204.0,12.008219178082191,30.0,122275.0,4.3469680660208105,3.0,1.6401148188015788,1.0,31.848941514172946,0.0
41912.0,6.3123287671232875,54.0,44189.0,7.135910224438903,4.0,1.180798004987531,1.0,52.728179551122196,0.0
40821.0,12.753424657534246,109.0,247803.0,5.39125932062966,4.0,1.2893537696768849,1.0,46.48425849212924,1.0
39833.0,9.408219178082192,91.0,24560.0,5.906542056074766,4.0,1.4299065420560748,1.0,60.82554517133956,0.0
37864.0,10.904109589041095,44.0,21111.0,8.843137254901961,5.0,1.9803921568627452,1.0,91.0326797385621,1.0
37091.0,11.89041095890411,0.0,506872.0,4.1046705222572735,3.0,1.1134332281808623,1.0,6.0607255520504735,0.0
36060.0,6.556164383561644,59.0,47677.0,4.754994742376446,3.0,1.3564668769716088,1.0,36.337539432176655,1.0
35517.0,4.8054794520547945,0.0,58.0,1.3333333333333333,1.0,1.0,1.0,1.0,0.0
35238.0,8.449315068493151,56.0,17877.0,6.897610921501706,5.0,1.286689419795222,1.0,33.39249146757679,0.0
34994.0,6.997260273972603,210.0,51868.0,7.481973434535105,5.0,1.2441492726122707,1.0,6.8222643896268185,0.0
34819.0,11.698630136986301,47.0,60263.0,5.9562913907284765,4.0,1.2364238410596027,1.0,19.986092715231788,0.0
33884.0,14.364383561643836,0.0,330055.0,4.220426262337291,2.0,1.5291088542411673,1.0,67.12787870118724,0.0
33498.0,7.3561643835616435,0.0,7155.0,5.035343035343035,4.0,1.130977130977131,1.0,2.3264033264033266,0.0
33495.0,8.635616438356164,117.0,39995.0,4.155223880597015,2.0,1.364179104477612,1.0,144.95373134328358,0.0
33322.0,6.506849315068493,21.0,4394.0,2.61875,2.0,1.00625,1.0,0.41875,0.0
33241.0,9.542465753424658,135.0,40963.0,8.335652173913044,5.0,1.6486956521739131,1.0,43.845217391304345,1.0
33218.0,7.115068493150685,14.0,20545.0,6.569642857142857,5.0,1.375,1.0,32.025,1.0
33157.0,13.441095890410958,31.0,40017.0,5.026890756302521,4.0,1.7092436974789915,2.0,22.963025210084034,0.0
31861.0,12.178082191780822,102.0,87681.0,5.708177445216462,4.0,1.3821485836451095,1.0,32.42490646712988,1.0
31000.0,6.761643835616439,77.0,143404.0,5.4723585214262345,3.0,1.287209682695453,1.0,25.6702649656526,0.0
30738.0,9.202739726027398,30.0,108810.0,5.39258806760334,4.0,1.2064752596212585,1.0,20.67949501119935,0.0
30402.0,8.36986301369863,0.0,4171.0,4.666666666666667,4.0,1.0264026402640265,1.0,4.584158415841584,0.0
29707.0,4.147945205479452,34.0,85581.0,7.809352517985611,6.0,1.229939125622579,1.0,16.036801328168234,0.0
29676.0,13.597260273972603,0.0,645047.0,7.541486810551559,4.0,1.3502398081534772,1.0,55.88045563549161,0.0
29622.0,10.936986301369863,149.0,125149.0,3.6117042309213128,3.0,1.2831158560695928,1.0,104.01581652827204,0.0
29382.0,9.043835616438356,41.0,32879.0,7.1801925722145805,6.0,1.2640990371389271,1.0,14.785419532324621,0.0
28894.0,12.183561643835617,32.0,112533.0,5.8291984732824424,4.0,1.3807251908396947,1.0,77.43034351145039,1.0
28662.0,6.882191780821918,0.0,5988.0,5.137096774193548,4.0,1.1129032258064515,1.0,3.586021505376344,0.0
28458.0,9.30958904109589,36.0,8715.0,4.674698795180723,3.0,1.1325301204819278,1.0,20.59036144578313,0.0
28306.0,7.295890410958904,47.0,18821.0,5.8161888701517706,5.0,1.109612141652614,1.0,29.54300168634064,0.0
28088.0,13.38082191780822,51.0,337799.0,5.099222126188418,4.0,1.937942955920484,2.0,231.16006914433882,0.0
27660.0,7.205479452054795,0.0,2971.0,4.4361702127659575,2.0,1.0212765957446808,1.0,48.329787234042556,6.0
27106.0,7.254794520547946,0.0,4399.0,1.962962962962963,1.0,1.0925925925925926,1.0,1.7654320987654322,0.0
26277.0,6.512328767123288,0.0,8581.0,4.146853146853147,3.0,1.1258741258741258,1.0,14.3006993006993,0.0
26017.0,11.717808219178082,76.0,491131.0,6.699988225597551,4.0,1.5323207347227128,1.0,73.88378664782762,2.0
25915.0,11.402739726027397,95.0,1629424.0,6.983734249713631,4.0,1.6508591065292095,1.0,76.32164948453608,0.0
25776.0,13.38082191780822,84.0,206496.0,1.8530109056424846,1.0,1.504188398925241,1.0,126.12122648964754,0.0
25548.0,6.2246575342465755,42.0,221755.0,6.705812574139976,4.0,1.8570581257413998,1.0,562.0827402135232,3.0
25531.0,12.043835616438356,0.0,7712.0,3.974264705882353,2.0,1.2352941176470589,1.0,10.481617647058824,0.0
25053.0,7.7972602739726025,14.0,18146.0,6.651026392961877,3.0,1.5073313782991202,1.0,30.319648093841643,0.0
24903.0,7.4,49.0,3392.0,5.516666666666667,4.0,1.4666666666666666,1.0,19.516666666666666,2.0
24741.0,12.67945205479452,7.0,5269.0,3.4262295081967213,3.0,1.8360655737704918,1.0,9.05464480874317,0.0
24647.0,10.786301369863013,0.0,1096084.0,7.120465608465609,5.0,1.6172275132275131,1.0,28.83263492063492,1.0
24265.0,12.331506849315069,79.0,62010.0,3.345635910224439,2.0,1.568079800498753,1.0,20.253865336658354,0.0
24160.0,9.367123287671232,61.0,91536.0,6.083069341781063,4.0,1.3942273847236888,1.0,5.3646603308694125,0.0
23830.0,12.608219178082193,13.0,280838.0,5.226869455006337,3.0,1.8043092522179975,1.0,3564.062103929024,0.0
23788.0,10.772602739726027,187.0,589256.0,7.501642729747489,5.0,1.6110015957946118,1.0,68.66018961794799,1.0
23759.0,14.326027397260274,405.0,181774.0,6.0947704394794995,4.0,1.9410753744168918,2.0,46.08053032163025,0.0
23673.0,11.189041095890412,167.0,158012.0,5.818886019918849,3.0,1.349686462559941,1.0,165.40686093692364,0.0
23618.0,10.002739726027396,9.0,34414.0,3.037243947858473,2.0,1.2830540037243947,1.0,20.5512104283054,0.0
23479.0,7.887671232876713,160.0,163111.0,4.6015355086372365,2.0,1.565834932821497,1.0,28.12552783109405,0.0
23107.0,6.854794520547945,70.0,229877.0,4.920158690800893,3.0,1.2486982395239277,1.0,83.0047111331515,1.0
22628.0,6.958904109589041,25.0,55001.0,4.441255006675568,3.0,1.1775700934579438,1.0,12.554739652870493,0.0
22208.0,12.32054794520548,0.0,894.0,2.901098901098901,2.0,1.0,1.0,0.23076923076923078,0.0
21819.0,4.641095890410959,716.0,232970.0,6.583016476552598,4.0,1.5377059569074778,1.0,64.43282636248416,1.0
21803.0,10.767123287671232,28.0,262348.0,7.539164888753429,5.0,1.2922889362999086,1.0,52.220054861322765,0.0
21640.0,1.3972602739726028,0.0,336.0,0.8181818181818182,1.0,1.0,1.0,0.0,0.0
21617.0,8.301369863013699,21.0,215965.0,6.867084203201113,4.0,1.3305497564370217,1.0,114.24077940153097,1.0
21545.0,6.263013698630137,1.0,8076.0,7.97887323943662,5.0,1.158450704225352,1.0,6.426056338028169,0.0
21519.0,13.005479452054795,25.0,12237.0,6.01685393258427,5.0,1.9438202247191012,2.0,54.337078651685395,1.0
21024.0,1.7452054794520548,43.0,34786.0,6.083495145631068,4.0,1.2601941747572816,1.0,16.010679611650485,0.0
20586.0,8.347945205479451,48.0,31257.0,5.52435064935065,2.0,1.577922077922078,1.0,55.853896103896105,0.0
20401.0,1.2767123287671234,19.0,82690.0,6.465339233038348,4.0,1.2190265486725664,1.0,67.3952802359882,0.0
20322.0,11.449315068493151,0.0,11325.0,4.528409090909091,3.0,1.2897727272727273,1.0,179.6818181818182,0.0
20290.0,6.597260273972603,10.0,80596.0,4.49968132568515,2.0,1.319949012109624,1.0,71.76800509878903,0.0
20119.0,9.169863013698631,58.0,197605.0,6.5336805966615366,4.0,1.4529418728542678,1.0,26.023440274653723,0.0
20002.0,12.093150684931507,46.0,60362.0,3.578977599080988,2.0,1.2194141298104537,1.0,20.9862148190695,0.0
19865.0,10.586301369863014,20.0,1452.0,2.272727272727273,1.0,1.1272727272727272,1.0,3.090909090909091,0.0
19619.0,4.123287671232877,91.0,39297.0,4.950187969924812,3.0,1.2208646616541354,1.0,22.174812030075188,0.0
19537.0,6.994520547945205,8.0,90884.0,4.6158833063209075,3.0,1.1280388978930307,1.0,1532.8849270664505,1.0
19465.0,6.517808219178082,0.0,17375.0,4.29290144727774,4.0,1.0544452101998623,1.0,1.3880082701585115,0.0
19461.0,4.265753424657534,39.0,22952.0,5.522248243559719,3.0,1.6463700234192038,1.0,48.114754098360656,0.0
18833.0,12.676712328767124,5.0,1792.0,4.733333333333333,3.0,1.3555555555555556,1.0,24.6,0.0
18811.0,12.29041095890411,3.0,97667.0,5.3883597883597885,4.0,1.415873015873016,1.0,23.07037037037037,1.0
18562.0,3.6356164383561644,0.0,6598.0,1.2924901185770752,1.0,1.08300395256917,1.0,3.5019762845849804,1.0
17924.0,7.947945205479452,0.0,1142.0,4.594405594405594,4.0,1.048951048951049,1.0,0.5944055944055944,0.0
17756.0,8.005479452054795,0.0,32495.0,2.611231101511879,2.0,1.0539956803455723,1.0,16.19654427645788,3.0
17704.0,15.126027397260273,31.0,41027.0,5.806646525679758,3.0,1.811178247734139,1.0,48.30211480362538,0.0
17675.0,12.495890410958904,14.0,13167.0,4.480487804878049,3.0,1.2902439024390244,1.0,25.882926829268293,0.0
17541.0,8.326027397260274,107.0,13287.0,5.582089552238806,2.0,1.2686567164179106,1.0,1181.402985074627,5.0
17258.0,8.534246575342467,59.0,40089.0,4.7915057915057915,3.0,1.606177606177606,1.0,28.434362934362934,0.0
17206.0,5.123287671232877,34.0,24242.0,4.360983102918587,3.0,1.2918586789554531,1.0,62.284178187403995,0.0
17146.0,12.786301369863013,96.0,39029.0,6.534713763702801,5.0,1.6394640682095005,1.0,19.361753958587087,1.0
17098.0,10.052054794520547,55.0,61598.0,6.87960687960688,5.0,1.3988533988533989,1.0,26.45945945945946,0.0
16902.0,5.882191780821918,20.0,83708.0,7.780728168628524,6.0,1.2176293457432248,1.0,15.833835203941966,0.0
16868.0,13.263013698630138,1.0,2379.0,4.891891891891892,4.0,1.3783783783783783,1.0,14.162162162162161,4.0
16801.0,6.131506849315069,46.0,6054.0,5.51010101010101,2.0,1.3434343434343434,1.0,12.984848484848484,6.0
16776.0,13.312328767123288,0.0,7434.0,4.864285714285714,3.0,1.5857142857142856,1.0,28.84285714285714,0.5
16772.0,11.013698630136986,0.0,2081.0,1.0340909090909092,1.0,1.0,1.0,3.909090909090909,0.0
16719.0,8.586301369863014,34.0,37661.0,5.848484848484849,4.0,1.3424242424242425,1.0,25.546464646464646,0.0
16709.0,8.457534246575342,0.0,41742.0,4.49901768172888,3.0,1.4086444007858545,1.0,340.8565815324165,0.0
16616.0,8.287671232876713,102.0,110546.0,7.089832181638697,4.0,1.5286278381046396,1.0,89.31688055281343,1.0
16501.0,5.5698630136986305,204.0,57219.0,8.156376226197345,6.0,1.4218118869013272,1.0,13.198499711482977,0.0
16441.0,8.115068493150686,0.0,1631.0,4.7105263157894735,3.5,1.043859649122807,1.0,2.491228070175439,0.0
16388.0,10.26849315068493,69.0,82248.0,4.891419893697798,3.0,1.6195899772209568,1.0,146.89217919514047,0.0
16298.0,7.167123287671233,7.0,79597.0,4.435323383084577,3.0,1.7106135986733002,1.0,17.65174129353234,0.0
16269.0,12.613698630136986,0.0,724853.0,8.761460173269409,6.0,1.3726133400622424,1.0,76.27723105391539,1.0
16263.0,6.027397260273973,0.0,2124.0,5.714285714285714,5.0,1.2207792207792207,1.0,0.8181818181818182,0.0
16222.0,4.3561643835616435,99.0,75074.0,6.799345692475463,4.0,1.7360959651035988,1.0,67.17230098146129,1.0
15770.0,8.578082191780823,0.0,2813.0,4.4684014869888475,4.0,1.0260223048327137,1.0,1.4349442379182156,0.0
15624.0,7.298630136986302,50.0,47736.0,3.860977288368892,2.0,2.792842395044735,2.0,14.695801789401239,0.0
15532.0,10.586301369863014,0.0,2260.0,5.142857142857143,4.0,1.4285714285714286,1.0,6.723809523809524,1.0
15468.0,5.778082191780822,0.0,609.0,1.3076923076923077,1.0,1.0,1.0,0.9230769230769231,0.0
15064.0,12.432876712328767,219.0,52064.0,3.3358815097945533,2.0,1.4027711419015767,1.0,18.39082656473961,0.0
14985.0,10.561643835616438,0.0,1662880.0,7.409713346722659,4.0,1.618860690158846,1.0,69.86721745481103,0.0
14899.0,10.432876712328767,60.0,22591.0,4.755196304849885,3.0,2.0554272517321017,1.0,13.290993071593533,0.0
14697.0,6.213698630136986,0.0,14454.0,4.280405405405405,3.0,1.1300675675675675,1.0,3.300675675675676,0.0
14542.0,11.172602739726027,0.0,360.0,11.0,5.0,2.3333333333333335,2.0,178.66666666666666,0.0
14497.0,8.726027397260275,102.0,499898.0,6.878376506441335,4.0,1.6559080205014545,1.0,83.43219282449093,0.0
14475.0,8.263013698630138,16.0,3165.0,3.704081632653061,2.0,1.4081632653061225,1.0,17.448979591836736,0.0
14474.0,7.912328767123288,35.0,58309.0,5.468105065666041,3.0,1.629455909943715,1.0,35.34240150093809,0.0
14431.0,13.761643835616438,0.0,146050.0,6.314083677077195,3.0,1.5327047731290513,1.0,181.80671773718328,1.0
14383.0,14.33972602739726,174.0,39537.0,5.461630695443645,4.0,1.6474820143884892,1.0,21.430455635491608,1.0
14375.0,9.98904109589041,18.0,19309.0,4.538083538083538,3.0,2.4176904176904177,1.0,11.115479115479115,1.0
14280.0,14.506849315068493,37.0,25793.0,3.851111111111111,2.0,1.6444444444444444,1.0,32.72222222222222,0.0
14225.0,6.704109589041096,369.0,870917.0,5.130893713372402,4.0,1.2196656899307405,1.0,56.879095631326585,0.0
13945.0,5.2027397260273975,83.0,105652.0,9.652719665271967,10.0,1.5805439330543933,1.0,71.17573221757323,3.0
13866.0,11.312328767123288,0.0,545122.0,8.55930064888248,7.0,2.2175558759913483,2.0,55981.15104542177,7.0
13848.0,10.0,16.0,827.0,5.833333333333333,6.0,1.1666666666666667,1.0,14.944444444444445,0.0
13834.0,7.153424657534247,164.0,35145.0,6.883357041251778,4.0,1.2219061166429588,1.0,17.095305832147936,0.0
13778.0,6.367123287671233,390.0,281040.0,5.766037735849056,4.0,1.399245283018868,1.0,22.851446540880502,0.0
13649.0,12.01917808219178,15.0,21594.0,6.406,4.0,1.594,1.0,25.226,1.0
13639.0,12.405479452054795,64.0,743574.0,7.811576098271914,5.0,1.3674092581025747,1.0,62.927198278853496,0.0
13627.0,8.654794520547945,6.0,1088.0,2.9655172413793105,1.0,1.1724137931034482,1.0,10.862068965517242,1.0
13607.0,8.526027397260274,0.0,378.0,2.4242424242424243,2.0,1.2424242424242424,1.0,1.7878787878787878,0.0
13587.0,6.589041095890411,14.0,1720.0,5.408163265306122,4.0,1.4081632653061225,1.0,31.285714285714285,1.0
13546.0,10.416438356164383,59.0,283856.0,5.152723627046898,4.0,1.1444803386431992,1.0,11.638409268129665,0.0
13521.0,10.789041095890411,21.0,82161.0,7.441638225255972,5.0,1.2928327645051194,1.0,30.075767918088737,1.0
13513.0,10.032876712328767,0.0,1010.0,4.4,2.0,1.4666666666666666,1.0,4.7555555555555555,0.0
13471.0,10.227397260273973,0.0,4421.0,3.7252747252747254,2.0,1.1538461538461537,1.0,15.494505494505495,0.0
13417.0,9.978082191780821,2.0,1881.0,6.040404040404041,5.0,1.0606060606060606,1.0,3.8282828282828283,0.0
13403.0,8.205479452054794,116.0,39103.0,5.156037991858887,2.0,1.237449118046133,1.0,49.44911804613297,0.0
13337.0,7.608219178082192,64.0,620616.0,8.212330397524399,5.0,1.6976910259462032,1.0,103.9898833611045,1.0
13332.0,9.797260273972602,9.0,182056.0,4.609629924393156,3.0,1.8730600875447672,1.0,69.5758058097891,1.0
13324.0,6.052054794520548,52.0,96905.0,6.543699927166788,5.0,1.3761835396941005,1.0,11.807720320466133,0.0
13198.0,9.317808219178081,0.0,10966.0,0.7648953301127214,0.0,1.173913043478261,1.0,1.0982286634460547,0.0
13087.0,5.936986301369863,0.0,14269.0,4.848979591836735,3.0,1.1061224489795918,1.0,233.02448979591836,0.0
12971.0,8.90958904109589,0.0,2724.0,6.082191780821918,5.0,1.8356164383561644,2.0,47.68493150684932,1.0
12886.0,11.616438356164384,0.0,212319.0,5.331795463283353,4.0,1.5928489042675893,1.0,55.14225297962322,1.0
12790.0,8.27945205479452,319.0,47052.0,7.463855421686747,5.0,1.25,1.0,78.67469879518072,0.0
12694.0,10.156164383561643,13.0,19241.0,4.379251700680272,3.0,1.4234693877551021,1.0,7.496598639455782,0.0
12625.0,13.413698630136986,8.0,18545.0,5.013736263736264,4.0,2.1016483516483517,1.0,47.4532967032967,1.0
12587.0,10.013698630136986,8.0,41715.0,5.427320490367776,3.0,1.5709281961471104,1.0,21.13309982486865,0.0
12582.0,10.810958904109588,19.0,82831.0,3.788100208768267,3.0,1.2860125260960333,1.0,8.225208768267223,0.0
12546.0,7.934246575342466,15.0,3418.0,6.657894736842105,5.0,1.394736842105263,1.0,8.078947368421053,0.0
12544.0,11.128767123287671,184.0,16263.0,8.210401891252955,6.0,1.442080378250591,1.0,17.8983451536643,1.0
12507.0,12.64931506849315,150.0,32879.0,5.920485175202156,4.0,1.2708894878706198,1.0,18.57277628032345,0.0
12502.0,10.654794520547945,131.0,13914.0,7.638297872340425,6.0,1.2553191489361701,1.0,7.163829787234042,0.0
12453.0,10.742465753424657,9.0,965.0,3.3780487804878048,2.0,1.8048780487804879,2.0,2.292682926829268,0.0
12412.0,15.986301369863014,0.0,121444.0,5.744105807935595,3.0,1.9827487061529614,1.0,37.231742380678554,0.0
12401.0,10.56986301369863,18.0,2770.0,3.7162162162162162,2.0,1.3243243243243243,1.0,58.9054054054054,0.0
12282.0,7.115068493150685,11.0,7999.0,4.249003984063745,3.0,1.348605577689243,1.0,3.693227091633466,0.0
12280.0,10.780821917808218,14.0,7339.0,5.815642458100559,6.0,1.4245810055865922,1.0,29.966480446927374,0.0
12195.0,5.315068493150685,3.0,101601.0,3.7942332896461335,3.0,1.2319790301441678,1.0,1107.6788990825687,13.0
11992.0,14.778082191780822,109.0,97833.0,5.324794144556267,3.0,1.4272644098810614,1.0,515.1738334858188,1.0
11959.0,9.205479452054794,18.0,4669.0,6.298701298701299,3.0,1.3636363636363635,1.0,28.90909090909091,1.0
11901.0,5.123287671232877,175.0,315289.0,6.716186252771618,3.0,1.292960088691796,1.0,448.6809866962306,0.0
11849.0,7.632876712328767,10.0,7421.0,4.198198198198198,2.0,1.2792792792792793,1.0,21.61261261261261,0.0
11763.0,6.271232876712329,16.0,79032.0,4.637473079684135,2.0,1.2921751615218953,1.0,12.894472361809045,0.0
11646.0,10.27945205479452,176.0,255583.0,5.679397723099522,3.0,1.408373117884686,1.0,12.969518912963643,0.0
11518.0,11.90958904109589,33.0,8794.0,4.531976744186046,4.0,1.183139534883721,1.0,11.465116279069768,1.0
11486.0,12.917808219178083,0.0,110167.0,4.327405857740586,2.0,1.2102510460251046,1.0,51.74843096234309,0.0
11402.0,9.717808219178082,0.0,21093.0,2.167487684729064,2.0,1.0689655172413792,1.0,4.482758620689655,1.0
11389.0,7.2684931506849315,16.0,9533.0,6.951219512195122,5.0,1.048780487804878,1.0,167.41463414634146,1.0
11375.0,7.917808219178082,0.0,7237.0,6.352112676056338,5.0,2.1056338028169015,2.0,159.25352112676057,3.0
11270.0,4.1068493150684935,50.0,45124.0,1.8766157461809636,2.0,1.0129259694477086,1.0,6.6310223266745005,0.0
11267.0,5.493150684931507,0.0,3935.0,5.033707865168539,2.0,1.0674157303370786,1.0,34.91011235955056,4.0
11228.0,9.594520547945205,40.0,3184.0,1.6218487394957983,0.0,1.226890756302521,1.0,34.378151260504204,3.0
11198.0,12.43013698630137,68.0,72362.0,6.446915351506457,5.0,1.7058823529411764,1.0,12.758967001434721,1.0
11190.0,9.156164383561643,0.0,203586.0,6.872159090909091,5.0,1.643939393939394,1.0,56.023989898989896,1.0
11138.0,10.665753424657535,0.0,27259.0,2.0149925037481258,2.0,1.0374812593703149,1.0,3.4092953523238383,1.0
11123.0,14.378082191780821,53.0,184912.0,7.143634949442572,5.0,1.5343531241897848,1.0,37.235416126523205,1.0
11087.0,9.361643835616439,4.0,2730.0,6.454545454545454,3.0,1.5454545454545454,1.0,223.0909090909091,1.0
11081.0,15.254794520547945,17.0,35476.0,6.086614173228346,4.0,1.7874015748031495,1.0,228.20472440944883,1.0
11078.0,9.243835616438357,65.0,14387.0,4.5278810408921935,2.0,1.687732342007435,1.0,42.014869888475836,1.0
11061.0,12.723287671232876,0.0,3085.0,4.77027027027027,3.0,1.8243243243243243,1.0,47.445945945945944,0.0
11044.0,13.205479452054794,0.0,28796.0,5.990644490644491,4.0,1.7162162162162162,1.0,26.124740124740125,1.0
11040.0,13.531506849315068,289.0,221757.0,9.121056241426611,8.0,1.4812528577960677,1.0,7.712277091906722,0.0
11019.0,8.983561643835616,0.0,10243.0,3.81437125748503,2.0,1.0538922155688624,1.0,73.76047904191617,0.0
10855.0,12.131506849315068,0.0,7543.0,4.515151515151516,2.0,1.1515151515151516,1.0,129.2929292929293,0.0
10791.0,8.057534246575342,34.0,14042.0,5.314465408805032,3.0,1.8553459119496856,1.0,72.54088050314465,0.0
10640.0,9.158904109589042,0.0,158390.0,6.618556701030927,5.0,1.704048277596178,1.0,116.89439275836057,1.0
10632.0,14.082191780821917,3.0,7620.0,5.662337662337662,4.0,1.7857142857142858,1.0,45.87662337662338,3.0
10619.0,15.164383561643836,19.0,12801.0,3.5555555555555554,2.0,1.8199233716475096,1.0,36.34099616858238,6.0
10610.0,9.178082191780822,14.0,13418.0,5.60387811634349,5.0,1.6232686980609419,1.0,19.445983379501385,0.0
10576.0,14.726027397260275,0.0,46790.0,3.599781897491821,0.0,1.495092693565976,1.0,130.31079607415487,0.0
10543.0,1.1616438356164382,13.0,60045.0,6.1482176360225145,4.0,5.643527204502814,4.0,27.52220137585991,0.0
10539.0,10.517808219178082,7.0,15898.0,5.661764705882353,4.0,2.020220588235294,1.0,26.303308823529413,1.0
10488.0,11.827397260273973,66.0,31956.0,4.114135206321334,3.0,1.7058823529411764,1.0,25.593503072870938,1.0
10487.0,9.117808219178082,78.0,4511.0,7.27536231884058,6.0,2.1159420289855073,2.0,56.63768115942029,4.0
10482.0,9.473972602739726,11.0,876.0,4.65,2.0,1.1,1.0,10.1,0.0
10447.0,8.704109589041096,0.0,46624.0,3.830281690140845,2.0,2.5880281690140845,2.0,15.611267605633802,0.0
10421.0,9.336986301369864,96.0,140160.0,11.16304347826087,9.0,1.1988078541374474,1.0,16.69389901823282,1.0
10369.0,4.131506849315069,52.0,1200935.0,7.413439891940567,5.0,1.7385749662314274,1.0,38.02088023412877,1.0
10282.0,8.61917808219178,25.0,5986.0,6.644295302013423,5.0,1.2818791946308725,1.0,32.100671140939596,3.0
10268.0,12.517808219178082,1000.0,154655.0,5.688143571638717,4.0,1.570461900558988,1.0,89.05295675198587,1.0
10121.0,13.63013698630137,0.0,2947.0,5.4393939393939394,5.5,2.242424242424242,3.0,29.272727272727273,0.0
10039.0,9.797260273972602,35.0,60583.0,7.060991105463787,6.0,1.4904701397712834,1.0,18.32528589580686,1.0
9977.0,8.046575342465754,29.0,248707.0,8.661543190900707,4.0,1.4306793728865663,1.0,97.01045189056256,1.0
9956.0,8.591780821917808,69.0,23706.0,7.447661469933185,5.0,1.7082405345211582,1.0,22.5456570155902,1.0
9929.0,5.583561643835616,61.0,6839.0,6.95970695970696,4.0,1.5677655677655677,1.0,5.091575091575091,0.0
9918.0,10.194520547945206,0.0,991.0,5.555555555555555,5.0,2.1481481481481484,2.0,2.7777777777777777,0.0
9892.0,9.241095890410959,12.0,1705.0,8.93939393939394,8.0,1.4848484848484849,1.0,12.212121212121213,6.0
9887.0,8.583561643835617,0.0,75860.0,6.930056710775047,5.0,1.0346565847511027,1.0,6.12476370510397,1.0
9871.0,7.008219178082192,0.0,16488.0,6.002688172043011,4.0,1.336021505376344,1.0,5.443548387096774,0.0
9855.0,4.978082191780822,2.0,8748.0,5.385093167701863,4.0,1.7329192546583851,1.0,20.32919254658385,1.0
9824.0,10.063013698630137,0.0,1037.0,3.5172413793103448,2.0,1.1724137931034482,1.0,17.24137931034483,0.0
9819.0,11.728767123287671,17.0,565854.0,5.748072562358277,3.0,1.4532879818594104,1.0,145.66961451247167,0.0
9765.0,8.73150684931507,12.0,4533.0,5.0,4.0,1.3398058252427185,1.0,26.941747572815533,3.0
9753.0,9.402739726027397,1.0,2161.0,3.5652173913043477,2.0,1.7826086956521738,1.0,6.75,0.0
9726.0,9.07123287671233,30.0,8981.0,5.232394366197183,3.0,1.7077464788732395,1.0,15.116197183098592,0.0
9694.0,3.536986301369863,133.0,673442.0,7.38757778560526,4.0,1.4837384055418574,1.0,127.11060232476224,0.0
9652.0,13.87945205479452,0.0,9588.0,4.542986425339366,3.0,1.2986425339366516,1.0,47.11764705882353,0.0
9651.0,10.364383561643836,0.0,12621.0,5.014925373134329,3.0,1.9671641791044776,2.0,7.570149253731343,0.0
9626.0,7.739726027397261,4.0,484.0,5.0,4.0,1.2666666666666666,1.0,9.733333333333333,0.0
9614.0,11.73150684931507,38.0,37306.0,5.103781174577635,3.0,1.6765888978278358,1.0,13.242960579243766,0.0
9580.0,10.35068493150685,8.0,5476.0,4.0186335403726705,2.0,1.4037267080745341,1.0,19.142857142857142,0.0
9577.0,12.136986301369863,61.0,2920.0,6.15625,4.0,1.65625,1.0,59.734375,0.0
9568.0,11.608219178082193,5.0,12879.0,5.162790697674419,3.0,1.6104651162790697,1.0,47.50581395348837,1.0
9558.0,10.906849315068493,38.0,53180.0,5.642165242165242,5.0,1.7168091168091169,2.0,14.491737891737891,0.0
9543.0,10.293150684931506,7.0,92943.0,4.940356312935709,3.0,1.2935708752904724,1.0,78.48799380325329,0.0
9510.0,11.802739726027397,8.0,2011.0,4.9411764705882355,2.0,1.3529411764705883,1.0,132.0,0.0
9447.0,2.1397260273972605,97.0,51968.0,6.454682779456193,5.0,1.5022658610271904,1.0,17.46299093655589,1.0
9430.0,11.27945205479452,0.0,56240.0,8.908264462809917,5.0,1.4991735537190083,1.0,14.540495867768595,0.0
9405.0,14.208219178082192,59.0,415653.0,7.0382839770296135,4.0,1.1789212926472243,1.0,25.099650940209436,0.0
9386.0,13.534246575342467,1.0,6980.0,6.5754716981132075,5.0,1.4811320754716981,1.0,9.04245283018868,0.0
9379.0,6.832876712328767,8.0,4991.0,4.823863636363637,4.0,1.2727272727272727,1.0,6.403409090909091,0.0
9304.0,7.854794520547945,21.0,11320.0,5.3984375,3.0,1.48828125,1.0,18.79296875,0.0
9285.0,1.5068493150684932,0.0,3039.0,2.806896551724138,3.0,1.0275862068965518,1.0,0.5344827586206896,0.0
9244.0,10.441095890410958,0.0,1849.0,5.5,5.5,1.3488372093023255,1.0,3.1511627906976742,0.0
9231.0,9.205479452054794,0.0,402.0,4.875,1.0,1.375,1.0,8.125,3.0
9219.0,8.024657534246575,1.0,11557.0,6.568181818181818,4.0,2.159090909090909,1.0,53.18181818181818,3.0
9086.0,15.835616438356164,0.0,640388.0,6.5670140793563725,4.0,1.7702505028341562,1.0,58.25242274638874,1.0
9069.0,12.46027397260274,0.0,6341.0,2.9607843137254903,2.0,2.156862745098039,2.0,11.300653594771243,0.0
9066.0,14.156164383561643,10.0,16468.0,4.557065217391305,3.0,1.486413043478261,1.0,29.29076086956522,0.0
9020.0,13.191780821917808,213.0,250188.0,7.38741348784806,5.0,1.2415902140672783,1.0,10.925156929019797,0.0
9016.0,7.723287671232876,4.0,7981.0,4.895705521472393,3.0,1.6134969325153374,1.0,17.57668711656442,1.0
8984.0,10.471232876712328,3.0,2927.0,4.536585365853658,3.0,1.8170731707317074,1.0,6.7560975609756095,0.0
8964.0,10.852054794520548,97.0,44372.0,7.144758735440932,4.0,1.821963394342762,1.0,45.26289517470882,1.0
8909.0,5.383561643835616,0.0,3691.0,4.840336134453781,3.0,1.6218487394957983,1.0,12.0,0.0
8900.0,1.3972602739726028,0.0,360.0,1.1818181818181819,1.0,1.0,1.0,4.7272727272727275,0.0
8821.0,13.509589041095891,0.0,60552.0,4.433607520564042,3.0,1.2855464159811987,1.0,33.070505287896594,1.0
8806.0,9.093150684931507,0.0,1036.0,4.151515151515151,3.0,1.5454545454545454,1.0,22.545454545454547,0.0
8771.0,9.961643835616439,0.0,116.0,2.0,2.0,1.0,1.0,3.0,3.0
8707.0,7.923287671232877,0.0,1772.0,1.6805555555555556,2.0,1.0,1.0,1.1666666666666667,1.0
8700.0,13.30958904109589,0.0,3567.0,6.024390243902439,4.5,2.1341463414634148,2.0,55.84146341463415,1.0
8650.0,9.0,0.0,1812.0,4.816901408450704,5.0,3.1690140845070425,2.0,21.52112676056338,1.0
8649.0,13.895890410958904,0.0,106756.0,4.455546147332769,3.0,2.331922099915326,2.0,44.94453852667231,0.0
8634.0,14.819178082191781,10.0,127436.0,5.511939429237041,4.0,1.8887594641817123,2.0,62.20384391380315,3.0
8607.0,12.263013698630138,244.0,31256.0,6.085915492957747,4.0,1.5098591549295775,1.0,52.90985915492958,1.0
8583.0,11.24931506849315,4.0,968.0,5.72,5.0,1.44,1.0,11.36,3.0
8582.0,9.441095890410958,4.0,6506.0,3.4242424242424243,2.0,1.5,1.0,22.37878787878788,1.5
8559.0,11.923287671232877,57.0,503627.0,7.087704613095238,5.0,1.3605840773809523,1.0,26.196614583333332,1.0
8551.0,6.69041095890411,11.0,133826.0,5.982908458864427,4.0,1.2366743916570104,1.0,18.143974507531865,1.0
8538.0,8.610958904109589,76.0,48651.0,7.240944881889764,5.0,1.779527559055118,2.0,148.73385826771653,1.0
8529.0,16.186301369863013,13.0,32946.0,3.740992522093814,3.0,1.4541128484024473,1.0,12.961250849762067,0.0
8526.0,9.780821917808218,141.0,811.0,6.181818181818182,4.0,1.5454545454545454,2.0,66.18181818181819,1.0
8524.0,14.167123287671233,176.0,39853.0,6.017505470459518,4.0,1.5171407731582787,1.0,19.23851203501094,0.0
8487.0,8.112328767123287,54.0,40769.0,6.167235494880546,5.0,1.204778156996587,1.0,118.70136518771331,1.0
8462.0,8.33972602739726,14.0,2393.0,4.147540983606557,4.0,1.278688524590164,1.0,8.80327868852459,0.0
8407.0,9.01095890410959,4.0,2834.0,4.909090909090909,2.0,1.2878787878787878,1.0,61.666666666666664,0.0
8364.0,9.169863013698631,28.0,24965.0,6.155555555555556,4.0,1.3321637426900585,1.0,10.919298245614035,0.0
8355.0,4.791780821917809,25.0,8424.0,6.191637630662021,5.0,1.543554006968641,1.0,14.526132404181185,0.0
8351.0,7.6219178082191785,49.0,236014.0,6.826816927322907,5.0,1.359245630174793,1.0,32.020239190432385,0.0
8295.0,8.432876712328767,27.0,518100.0,6.546228846800403,4.0,1.629384736075311,1.0,150.45399529306286,1.0
8260.0,8.794520547945206,0.0,3328.0,4.947368421052632,1.0,1.2456140350877194,1.0,76.78947368421052,0.0
8173.0,9.523287671232877,30.0,15461.0,5.429292929292929,4.0,1.1548821548821548,1.0,3.207070707070707,0.0
8161.0,9.93972602739726,81.0,30776.0,5.450610432852386,5.0,1.4850166481687015,1.0,22.09211986681465,1.0
8140.0,8.054794520547945,7.0,157514.0,5.814949863263446,4.0,1.438468550592525,1.0,29.88422971741112,1.0
8119.0,9.906849315068493,11.0,1616.0,4.545454545454546,3.0,1.2954545454545454,1.0,9.386363636363637,0.0
8109.0,12.07945205479452,0.0,11830.0,5.009950248756219,3.0,1.6517412935323383,1.0,49.44776119402985,0.0
8099.0,6.153424657534247,103.0,156800.0,6.542914171656687,3.0,1.5429141716566865,1.0,108.41816367265469,1.0
8092.0,11.613698630136986,10.0,68163.0,4.5378086419753085,3.0,1.4537037037037037,1.0,32.454475308641975,1.0
8041.0,9.128767123287671,48.0,719766.0,7.412703340370048,5.0,1.5355768036756487,1.0,19.413758847634423,0.0
8038.0,10.142465753424657,1.0,3851.0,5.458333333333333,3.0,1.3416666666666666,1.0,8.891666666666667,1.0
7982.0,12.704109589041096,4.0,16056.0,5.845901639344262,4.0,1.4229508196721312,1.0,25.160655737704918,3.0
7938.0,11.567123287671233,21.0,4262.0,5.625,3.5,1.5833333333333333,1.0,79.72222222222223,0.0
7923.0,11.317808219178081,0.0,384.0,5.714285714285714,7.0,1.1428571428571428,1.0,27.714285714285715,6.0
7920.0,11.446575342465753,1.0,770818.0,5.9331765982457725,2.0,1.2781444976941858,1.0,80.20960303824938,0.0
7876.0,11.435616438356165,58.0,6932.0,5.587096774193548,5.0,1.4322580645161291,1.0,12.35483870967742,1.0
7858.0,6.282191780821917,221.0,12348.0,4.704918032786885,3.0,1.5770491803278688,1.0,22.901639344262296,0.0
7852.0,9.575342465753424,0.0,1719.0,2.727272727272727,2.0,1.0757575757575757,1.0,5.348484848484849,0.0
7842.0,15.063013698630137,125.0,28068.0,5.436578171091446,4.0,1.3436578171091444,1.0,9.556047197640117,0.0
7805.0,9.490410958904109,17.0,14517.0,4.3277310924369745,3.0,2.2549019607843137,2.0,84.42296918767506,1.0
7796.0,4.046575342465753,9.0,7008.0,4.342465753424658,2.0,1.3493150684931507,1.0,23.876712328767123,0.0
7751.0,13.471232876712328,0.0,356760.0,4.521589688506982,3.0,1.8019334049409237,1.0,136.44554242749732,0.0
7720.0,10.915068493150685,12.0,26955.0,6.121076233183857,4.0,2.1300448430493275,1.0,133.99103139013454,1.0
7703.0,9.668493150684931,22.0,2368.0,6.45679012345679,6.0,1.654320987654321,1.0,1.4074074074074074,0.0
7662.0,9.172602739726027,121.0,15403.0,6.3076923076923075,4.0,2.2587412587412588,1.0,77.25524475524476,1.0
7650.0,6.808219178082192,9.0,18382.0,3.134564643799472,2.0,1.2770448548812665,1.0,26.30079155672823,1.0
7644.0,7.663013698630137,3.0,9110.0,3.58307210031348,2.0,1.2727272727272727,1.0,15.764890282131661,0.0
7631.0,11.115068493150686,116.0,117713.0,7.681353265145555,4.0,1.2832415420928402,1.0,112.50983477576712,0.0
7594.0,14.843835616438357,0.0,232371.0,8.065916398713826,6.0,1.3425898859982461,1.0,18.617655656240863,1.0
7589.0,6.76986301369863,165.0,48375.0,6.336322869955157,4.0,1.4693572496263079,1.0,58.66218236173393,1.0
7586.0,6.632876712328767,78.0,22190.0,6.685774946921444,4.0,1.3864118895966029,1.0,21.808917197452228,1.0
7561.0,9.438356164383562,17.0,8714.0,3.169811320754717,2.0,1.278301886792453,1.0,10.25,1.0
7550.0,5.767123287671233,5.0,21905.0,4.258160237388724,3.0,1.7789317507418398,1.0,17.33234421364985,0.0
7538.0,10.66027397260274,0.0,2633.0,6.627906976744186,3.0,1.8255813953488371,1.0,9.19767441860465,3.0
7536.0,12.572602739726028,0.0,18086.0,3.613259668508287,2.0,1.5322283609576428,1.0,19.44014732965009,0.0
7491.0,5.021917808219178,126.0,27058.0,6.141791044776119,3.5,1.4104477611940298,1.0,124.06218905472637,1.0
7485.0,10.92876712328767,0.0,316306.0,6.786607799852833,5.0,1.5,1.0,1252.3200883002207,1.0
7468.0,9.553424657534247,0.0,22516.0,4.003584229390681,4.0,1.021505376344086,1.0,47.46953405017921,0.0
7443.0,10.438356164383562,14.0,10995.0,6.42483660130719,4.0,1.6666666666666667,1.0,40.294117647058826,1.0
7417.0,13.70958904109589,112.0,40630.0,4.773492286115007,3.0,1.223702664796634,1.0,49.44670406732118,0.0
7417.0,5.186301369863013,0.0,3275.0,1.2269503546099292,1.0,1.0,1.0,0.6950354609929078,0.0
7384.0,5.008219178082192,50.0,23703.0,5.697959183673469,4.0,1.1795918367346938,1.0,5.0,0.0
7374.0,8.578082191780823,0.0,13482.0,5.8630573248407645,4.0,1.0445859872611465,1.0,28.554140127388536,1.0
7367.0,7.23013698630137,0.0,781.0,4.551724137931035,4.0,1.0344827586206897,1.0,29.06896551724138,1.0
7365.0,10.32876712328767,8.0,19104.0,5.056768558951965,4.0,1.24235807860262,1.0,36.1768558951965,0.0
7361.0,9.745205479452055,234.0,66200.0,7.0436760691537765,4.0,1.7015468607825295,1.0,38.23293903548681,1.0
7351.0,11.345205479452055,0.0,885.0,5.290322580645161,5.0,1.1612903225806452,1.0,3.4838709677419355,1.0
7307.0,7.780821917808219,19.0,30275.0,5.18859649122807,3.0,1.4166666666666667,1.0,32.01973684210526,0.0
7306.0,12.63013698630137,0.0,8017.0,3.180246913580247,3.0,1.2296296296296296,1.0,6.002469135802469,0.0
7277.0,11.383561643835616,5.0,10389.0,6.962025316455696,3.0,1.6708860759493671,1.0,31.39240506329114,2.0
7273.0,12.813698630136987,35.0,94115.0,3.8421170165252345,2.0,1.1869138008039304,1.0,10.592228673514962,0.0
7257.0,10.419178082191781,2.0,943.0,4.375,1.5,1.25,1.0,31.0625,0.0
7242.0,9.627397260273973,15.0,2403.0,5.054545454545455,2.0,1.2545454545454546,1.0,10.89090909090909,1.0
7211.0,10.142465753424657,9.0,16083.0,5.214659685863874,3.0,1.693717277486911,1.0,41.39267015706806,0.0
7208.0,9.471232876712328,20.0,931.0,5.380952380952381,3.0,1.380952380952381,1.0,8.80952380952381,1.0
7200.0,7.6438356164383565,0.0,45165.0,4.310126582278481,3.0,1.1613924050632911,1.0,616.373417721519,13.0
7198.0,11.26849315068493,84.0,269642.0,7.491160220994475,5.0,1.2464088397790056,1.0,37.90662983425414,0.0
7180.0,9.257534246575343,16.0,10897.0,6.327586206896552,4.0,1.2413793103448276,1.0,14.844827586206897,0.0
7092.0,10.095890410958905,0.0,1912.0,6.355555555555555,4.0,1.6444444444444444,1.0,9.71111111111111,1.0
7086.0,13.139726027397261,0.0,62471.0,6.796762589928058,5.0,2.2206235011990407,1.0,38.43585131894484,1.0
7085.0,14.04109589041096,32.0,26463.0,6.126463700234192,4.0,1.9718969555035128,1.0,63.39812646370024,0.0
7068.0,3.252054794520548,0.0,3121.0,1.3333333333333333,1.0,1.0,1.0,0.08527131782945736,0.0
7053.0,5.0,23.0,31517.0,6.972162740899358,4.0,1.8115631691648821,1.0,10.322269807280515,0.0
7048.0,12.608219178082193,3.0,7106.0,4.340277777777778,3.0,1.7916666666666667,1.0,22.15972222222222,1.0
7041.0,6.331506849315068,26.0,295868.0,8.55,6.0,1.6633640552995392,1.0,35.29677419354839,2.0
7031.0,9.772602739726027,5.0,21859.0,5.399558498896247,3.0,1.4613686534216335,1.0,19.748344370860927,0.0
7008.0,10.572602739726028,261.0,32652.0,9.740601503759398,6.0,2.1240601503759398,2.0,197.34586466165413,2.0
6956.0,12.246575342465754,61.0,252449.0,6.975167618574622,5.0,1.4817481996523467,1.0,30.658803079215296,1.0
6945.0,10.578082191780823,52.0,107875.0,7.726148969889065,5.0,1.5283676703645008,1.0,25.74770206022187,0.0
6931.0,14.416438356164383,0.0,28526.0,6.150568181818182,5.0,1.1988636363636365,1.0,105.87926136363636,0.0
6918.0,9.564383561643835,2.0,22301.0,3.3027989821882953,2.0,4.388040712468193,3.0,3.699745547073791,0.0
6914.0,13.189041095890412,18.0,6233.0,4.964497041420119,3.0,1.2662721893491125,1.0,33.01775147928994,0.0
6870.0,9.591780821917808,0.0,1961.0,3.7285714285714286,2.5,1.457142857142857,1.0,6.2,0.0
6859.0,7.627397260273972,13.0,14407.0,3.4827586206896552,2.0,1.3264367816091953,1.0,12.360919540229885,0.0
6855.0,6.884931506849315,1.0,14.0,0.3333333333333333,0.0,1.0,1.0,0.3333333333333333,0.0
6854.0,5.287671232876712,25.0,251.0,6.166666666666667,5.5,1.0833333333333333,1.0,2.25,0.0
6812.0,8.189041095890412,1.0,4633.0,3.148936170212766,2.0,1.1914893617021276,1.0,8.691489361702128,0.5
6809.0,1.2219178082191782,0.0,53431.0,3.1666666666666665,3.0,1.09,1.0,7.58,1.0
6799.0,12.542465753424658,82.0,41382.0,6.827586206896552,5.0,1.8032454361054766,2.0,60.18661257606491,3.0
6783.0,12.638356164383561,60.0,50585.0,7.379825653798257,5.0,1.5080946450809465,1.0,21.68368617683686,1.0
6779.0,9.263013698630138,35.0,1884.0,6.310344827586207,4.0,1.2413793103448276,1.0,15.482758620689655,0.0
6751.0,7.901369863013699,19.0,204252.0,7.5470494417862835,5.0,1.7331206804891015,2.0,64.09994683678894,0.0
6729.0,14.498630136986302,0.0,1479.0,4.823529411764706,5.0,1.0,1.0,2.2941176470588234,1.0
6699.0,8.863013698630137,16.0,3047.0,7.17948717948718,5.0,1.4871794871794872,1.0,69.94871794871794,3.0
6695.0,9.172602739726027,0.0,2234.0,4.074074074074074,3.0,1.2777777777777777,1.0,14.074074074074074,0.0
6676.0,9.334246575342465,0.0,2370.0,5.833333333333333,5.0,2.0,2.0,8.807692307692308,8.0
6672.0,8.052054794520547,37.0,4561.0,6.822784810126582,4.0,1.3924050632911393,1.0,11.772151898734178,1.0
6657.0,8.106849315068493,12.0,4330.0,3.765432098765432,2.0,1.1851851851851851,1.0,14.296296296296296,1.0
6645.0,8.627397260273973,0.0,30914.0,4.782546494992847,2.0,1.4377682403433476,1.0,25.32331902718169,0.0
6643.0,5.531506849315068,0.0,5657.0,4.911111111111111,3.0,1.0222222222222221,1.0,86.11111111111111,0.0
6632.0,8.520547945205479,0.0,4486.0,3.994047619047619,3.0,1.1666666666666667,1.0,7.488095238095238,0.0
6632.0,13.446575342465753,49.0,51616.0,5.699537750385208,4.0,1.3736517719568566,1.0,72.72881355932203,1.0
6626.0,8.364383561643836,0.0,6408.0,5.143939393939394,4.0,1.1477272727272727,1.0,16.106060606060606,0.0
6614.0,11.372602739726027,3.0,361859.0,5.306355839014735,3.0,1.2234440290301298,1.0,47.07257532438971,1.0
6598.0,9.413698630136986,57.0,13541.0,5.435146443514644,3.0,1.6443514644351465,1.0,51.71548117154812,0.0
6588.0,6.405479452054794,17.0,20468.0,7.215083798882682,4.0,2.142458100558659,1.0,19.18435754189944,1.0
6588.0,8.164383561643836,19.0,487.0,4.0625,3.0,1.0625,1.0,56.625,0.0
6567.0,4.83013698630137,0.0,3979.0,2.144186046511628,2.0,1.1116279069767443,1.0,5.325581395348837,0.0
6549.0,10.186301369863013,82.0,98785.0,4.502636203866432,3.0,1.3096074985354422,1.0,35.431751611013475,0.0
6547.0,6.271232876712329,0.0,1305.0,3.475,1.5,1.425,1.0,11.25,0.0
6518.0,12.53972602739726,3.0,12062.0,6.256880733944954,4.0,1.188073394495413,1.0,9.573394495412844,0.0
6509.0,3.2904109589041095,7.0,3923.0,7.387755102040816,3.0,1.4489795918367347,1.0,14.122448979591837,1.0
6503.0,12.150684931506849,48.0,110008.0,3.675704989154013,2.0,1.6247288503253796,1.0,507.76138828633407,0.0
6468.0,9.98904109589041,0.0,188709.0,5.598360655737705,3.0,1.2483124397299903,1.0,43.50723240115718,1.0
6462.0,8.183561643835617,0.0,19543.0,6.1330049261083746,5.0,1.3916256157635467,1.0,17.63054187192118,1.0
6455.0,1.7452054794520548,43.0,101736.0,5.866154468257178,4.0,1.1779215527699152,1.0,15.547108774767489,1.0
6437.0,9.035616438356165,5.0,34345.0,5.572,3.0,1.442,1.0,119.668,1.0
6433.0,12.073972602739726,19.0,1265.0,8.4,9.0,1.8,2.0,107.46666666666667,0.0
6433.0,11.315068493150685,299.0,283880.0,6.018309628903057,4.0,1.5729932973679908,1.0,14.880823933300638,0.0
6423.0,10.178082191780822,32.0,4655.0,7.725,4.0,1.375,1.0,70.375,0.0
6412.0,12.487671232876712,0.0,46762.0,5.9765625,4.0,1.6371527777777777,1.0,15.016493055555555,1.0
6400.0,7.8191780821917805,3.0,6014.0,4.790960451977401,3.0,1.4067796610169492,1.0,57.64971751412429,0.0
6379.0,10.501369863013698,0.0,1078.0,5.571428571428571,3.0,1.6666666666666667,1.0,48.142857142857146,0.0
6330.0,13.92876712328767,90.0,214580.0,9.77076923076923,7.0,1.7083076923076923,1.0,1648.527076923077,3.0
6322.0,14.04109589041096,5.0,28800.0,5.716549295774648,4.0,1.5704225352112675,1.0,41.84330985915493,1.0
6313.0,9.531506849315068,0.0,24546.0,6.92,4.0,1.6235294117647059,1.0,22.084705882352942,1.0
6294.0,8.98904109589041,0.0,47786.0,5.190532544378698,3.0,1.4532544378698224,1.0,41.646153846153844,0.0
6287.0,9.975342465753425,0.0,804.0,2.4186046511627906,2.0,1.1395348837209303,1.0,46.95348837209303,0.0
6282.0,11.830136986301369,0.0,9443.0,4.536332179930795,3.0,1.4602076124567474,1.0,23.598615916955016,0.0
6281.0,7.646575342465753,169.0,66090.0,8.234806629834255,6.0,1.5918508287292819,1.0,24.125690607734807,1.0
6279.0,11.742465753424657,63.0,14399.0,6.735294117647059,5.0,1.1433823529411764,1.0,76.92279411764706,0.0
6268.0,13.0,200.0,1099117.0,7.892801718992479,5.0,1.7758147308105527,1.0,44.891428912498505,1.0
6255.0,7.83013698630137,0.0,37.0,0.5,0.5,1.0,1.0,0.0,0.0
6220.0,13.29041095890411,1.0,13186.0,5.475,3.0,2.055,1.0,76.18,0.0
6217.0,7.8931506849315065,0.0,385.0,3.9,4.0,1.0166666666666666,1.0,0.4666666666666667,0.0
6187.0,7.035616438356165,278.0,167506.0,5.72868052609249,4.0,1.3218073822655918,1.0,36.80844293593551,0.0
6183.0,5.564383561643836,19.0,7499.0,7.15934065934066,5.0,1.3131868131868132,1.0,5.2967032967032965,0.0
6161.0,9.706849315068494,82.0,67756.0,8.01892505677517,5.0,1.3663890991672976,1.0,32.685087055261164,1.0
6159.0,4.701369863013698,11.0,7766.0,7.852852852852853,6.0,1.6576576576576576,1.0,3.894894894894895,0.0
6140.0,10.331506849315069,32.0,102795.0,5.686011904761905,5.0,1.3526785714285714,1.0,103.12127976190476,1.0
6122.0,11.56986301369863,0.0,1635.0,5.0,3.0,1.3888888888888888,1.0,61.333333333333336,3.0
6115.0,11.24931506849315,1.0,10035.0,6.407766990291262,5.0,1.7475728155339805,2.0,6.893203883495145,0.0
6113.0,14.463013698630137,66.0,1043259.0,6.7709648696778375,5.0,1.395256597053586,1.0,72.94022179051319,1.0
6103.0,10.389041095890411,19.0,3385.0,5.653846153846154,2.0,1.3076923076923077,1.0,742.8461538461538,0.0
6090.0,10.887671232876713,3.0,380.0,3.1666666666666665,0.5,1.3333333333333333,1.0,91.83333333333333,0.0
6068.0,3.117808219178082,22.0,48880.0,6.923756019261638,5.0,1.2046548956661316,1.0,8.153290529695024,0.0
6056.0,8.791780821917808,205.0,624012.0,6.177798288303407,4.0,1.6049672763886558,1.0,37.00151032052358,1.0
6053.0,13.413698630136986,19.0,125597.0,4.430305567182922,3.0,1.6743407283382168,1.0,24.683968187526162,0.0
6024.0,10.712328767123287,0.0,1923.0,4.438356164383562,3.0,1.3424657534246576,1.0,11.616438356164384,1.0
6020.0,10.975342465753425,0.0,2620.0,5.82258064516129,3.0,1.435483870967742,1.0,9.419354838709678,0.0
6015.0,6.761643835616439,63.0,4797.0,5.5227272727272725,3.0,1.8068181818181819,1.0,30.28409090909091,0.0
5999.0,4.641095890410959,21.0,108857.0,8.005580357142858,5.0,1.4592633928571428,1.0,29.765625,1.0
5999.0,10.27945205479452,10.0,27346.0,6.511475409836065,3.0,1.6459016393442623,1.0,54.49508196721312,1.0
5990.0,11.038356164383561,45.0,8924.0,5.662790697674419,3.5,1.627906976744186,1.0,142.74418604651163,1.0
5987.0,10.468493150684932,17.0,7481.0,4.788461538461538,3.0,1.2884615384615385,1.0,26.71153846153846,0.0
5982.0,9.394520547945206,9.0,12561.0,5.224770642201835,3.0,1.408256880733945,1.0,27.44954128440367,2.0
5974.0,14.087671232876712,5.0,762398.0,6.579205788612284,4.0,1.5702472219829442,1.0,66.48307347747438,1.0
5962.0,9.098630136986301,0.0,5964.0,2.3041825095057034,2.0,1.0228136882129277,1.0,1.832699619771863,0.0
5948.0,8.75068493150685,0.0,369.0,3.473684210526316,2.0,1.6842105263157894,1.0,2.0526315789473686,1.0
5942.0,14.564383561643835,105.0,215934.0,5.833678220382825,4.0,1.3678220382824624,1.0,71.28375581996896,0.0
5937.0,12.873972602739727,12.0,32063.0,5.704585537918871,3.0,1.120811287477954,1.0,23.241622574955908,0.0
5926.0,10.967123287671233,0.0,274.0,3.2857142857142856,2.0,1.2857142857142858,1.0,3.0,0.0
5921.0,10.106849315068493,22.0,3658.0,6.454545454545454,4.0,1.5340909090909092,1.0,69.01136363636364,0.0
5903.0,6.016438356164383,8.0,56327.0,4.623076923076923,2.0,1.205982905982906,1.0,13.135897435897435,0.0
5892.0,4.3342465753424655,0.0,2472.0,3.4093959731543624,2.0,1.221476510067114,1.0,5.080536912751678,0.0
5887.0,8.915068493150685,26.0,45725.0,6.070645554202192,4.0,1.4409257003654081,1.0,32.79902557856273,1.0
5886.0,4.83013698630137,0.0,258.0,3.357142857142857,3.0,1.0,1.0,3.5714285714285716,0.0
5869.0,10.558904109589042,33.0,40896.0,4.969855832241153,4.0,1.3053735255570118,1.0,93.13630406290957,0.0
5868.0,11.136986301369863,18.0,64963.0,8.437106918238994,5.0,1.259433962264151,1.0,1157.4009433962265,1.0
5861.0,9.778082191780822,9.0,15319.0,4.62214983713355,3.0,1.234527687296417,1.0,42.156351791530945,0.0
5822.0,12.30958904109589,9.0,5169.0,5.4375,4.0,1.3645833333333333,1.0,21.916666666666668,1.0
5820.0,5.210958904109589,19.0,47787.0,7.816122584943371,6.0,1.2358427714856761,1.0,12.62491672218521,0.0
5802.0,9.002739726027396,0.0,7710.0,5.6347826086956525,4.0,1.5739130434782609,1.0,227.6695652173913,0.0
5787.0,8.043835616438356,2.0,3698.0,4.228571428571429,2.0,1.2476190476190476,1.0,19.114285714285714,0.0
5786.0,9.29041095890411,8.0,23664.0,5.254335260115607,4.0,1.3082851637764932,1.0,29.736030828516377,1.0
5786.0,13.208219178082192,0.0,1937.0,3.25,2.5,1.3333333333333333,1.0,11.0,3.0
5768.0,10.786301369863013,3.0,1429.0,3.9743589743589745,2.0,1.2820512820512822,1.0,25.333333333333332,0.0
5768.0,15.835616438356164,0.0,1786335.0,4.810784868696316,3.0,1.6328665304816519,1.0,78.54396889074845,1.0
5764.0,8.994520547945205,10.0,19596.0,3.219130434782609,2.0,1.2504347826086957,1.0,13.768695652173912,1.0
5758.0,5.813698630136987,49.0,4163.0,5.479591836734694,3.0,1.316326530612245,1.0,29.489795918367346,0.0
5737.0,8.575342465753424,2.0,3564.0,5.048780487804878,3.0,1.6341463414634145,2.0,102.53658536585365,0.0
5730.0,9.857534246575343,32.0,12916.0,5.696969696969697,4.0,1.4242424242424243,1.0,67.93333333333334,1.0
5723.0,8.32876712328767,1.0,2668.0,4.238095238095238,3.0,1.1904761904761905,1.0,8.206349206349206,0.0
5723.0,5.331506849315068,5.0,13801.0,5.041009463722397,3.0,1.38801261829653,1.0,13.239747634069401,0.0
5717.0,4.342465753424658,0.0,36933.0,8.316666666666666,4.5,1.2685185185185186,1.0,41.89259259259259,1.0
5717.0,8.082191780821917,63.0,40321.0,8.009635974304068,6.0,1.6124197002141327,1.0,34.75695931477516,1.0
5712.0,13.391780821917807,53.0,141652.0,9.456211812627291,5.0,1.8233197556008147,1.0,309.53615071283093,1.0
5712.0,8.265753424657534,42.0,17789.0,4.807017543859649,2.5,1.5292397660818713,1.0,50.26900584795322,0.0
5711.0,6.315068493150685,39.0,694990.0,8.107360817038236,6.0,1.6193797484120065,1.0,100.5761614148711,1.0
5700.0,12.92876712328767,55.0,66174.0,5.548622821810006,4.0,1.9488476672287802,2.0,5.8763350196739745,0.0
5699.0,13.073972602739726,3.0,12842.0,3.165079365079365,2.0,1.276190476190476,1.0,24.784126984126985,1.0
5699.0,6.745205479452054,130.0,26230.0,4.722222222222222,4.0,1.2983091787439613,1.0,18.80072463768116,1.0
5697.0,3.756164383561644,18.0,29660.0,4.643765903307888,3.0,1.186598812553011,1.0,5.813401187446989,0.0
5694.0,8.263013698630138,30.0,266511.0,9.067741935483872,6.0,1.5796526054590572,1.0,60.5697270471464,1.0
5680.0,8.627397260273973,0.0,11063.0,4.8545454545454545,3.0,1.3890909090909092,1.0,26.970909090909092,0.0
5680.0,8.92876712328767,5.0,1823.0,3.9473684210526314,3.0,1.4210526315789473,1.0,19.57894736842105,1.0
5677.0,10.835616438356164,20.0,488081.0,7.157903022670025,5.0,1.4617443324937027,1.0,50.15743073047859,1.0
5672.0,11.347945205479451,0.0,4806.0,6.223880597014926,4.0,1.4253731343283582,1.0,23.619402985074625,0.5
5669.0,13.084931506849315,45.0,96014.0,6.765718562874252,4.0,1.2455089820359282,1.0,32.821107784431135,1.0
5657.0,15.835616438356164,0.0,2073620.0,6.932812881190534,4.0,1.4080019516955355,1.0,99.72637228592339,1.0
5645.0,3.3643835616438356,0.0,6538.0,6.2298850574712645,5.0,1.1235632183908046,1.0,1.4511494252873562,0.0
5644.0,11.276712328767124,0.0,2541.0,6.404761904761905,7.0,1.0,1.0,4.380952380952381,0.0
5643.0,7.882191780821918,24.0,14045.0,5.589743589743589,5.0,1.36996336996337,1.0,134.15384615384616,0.0
5640.0,8.512328767123288,12.0,246.0,3.4166666666666665,2.5,1.25,1.0,2.0,0.5
5638.0,9.252054794520548,0.0,3076.0,4.197802197802198,2.0,1.5604395604395604,1.0,3.4835164835164836,0.0
5632.0,2.73972602739726,0.0,34594.0,6.267425320056899,4.0,1.3940256045519204,1.0,95.23186344238975,1.0
5630.0,9.66027397260274,0.0,636.0,5.142857142857143,3.5,1.0,1.0,0.6428571428571429,0.0
5624.0,10.8,5.0,3813.0,4.063492063492063,2.0,1.5714285714285714,1.0,59.095238095238095,1.0
5605.0,13.742465753424657,35.0,42800.0,6.324146981627297,4.0,1.5708661417322836,1.0,518.6535433070866,1.0
5596.0,9.561643835616438,0.0,810.0,4.323529411764706,3.0,1.411764705882353,1.0,5.0,0.0
5590.0,12.597260273972603,13.0,2086.0,5.384615384615385,5.0,1.4,1.0,17.815384615384616,0.0
5581.0,7.16986301369863,0.0,18563.0,7.7527405602923265,7.0,1.2789281364190013,1.0,7.110840438489647,0.0
5560.0,9.583561643835617,25.0,14727.0,5.377358490566038,3.0,1.559748427672956,1.0,26.666666666666668,0.0
5554.0,8.594520547945205,38.0,4097.0,6.741935483870968,5.0,2.5053763440860215,3.0,10.591397849462366,1.0
5553.0,10.808219178082192,12.0,14009.0,4.44,3.0,1.3576470588235294,1.0,12.616470588235295,0.0
5550.0,12.005479452054795,14.0,5697.0,6.474452554744525,5.0,2.0583941605839415,2.0,10.459854014598541,0.0
5550.0,4.802739726027397,72.0,120795.0,7.955153949129853,5.0,1.466532797858099,1.0,73.81191432396251,1.0
5532.0,10.863013698630137,127.0,91004.0,6.33879781420765,4.0,1.4087431693989072,1.0,170.94043715846993,0.0
5522.0,6.167123287671233,27.0,71794.0,5.726086956521739,4.0,1.5641304347826086,1.0,191.0782608695652,1.0
5520.0,7.967123287671233,0.0,2603.0,4.299065420560748,3.0,1.074766355140187,1.0,9.102803738317757,1.0
5506.0,7.980821917808219,0.0,873.0,2.88,1.0,1.28,1.0,11.72,1.0
5501.0,13.024657534246575,16.0,2112.0,4.813953488372093,3.0,1.3953488372093024,1.0,3.9767441860465116,0.0
5500.0,10.682191780821919,66.0,31775.0,7.295711060948081,4.0,1.4492099322799097,1.0,28.756207674943568,0.0
5498.0,10.501369863013698,30.0,157454.0,5.973161567364466,4.0,2.4396135265700485,2.0,28.32957595276436,1.0
5480.0,9.98904109589041,15.0,17193.0,5.368421052631579,3.0,1.6075187969924811,1.0,9.593984962406015,0.0
5472.0,8.627397260273973,22.0,5357.0,3.7037037037037037,2.0,1.6074074074074074,1.0,13.866666666666667,1.0
5470.0,9.197260273972603,0.0,14543.0,3.539772727272727,3.0,1.46875,1.0,7.630681818181818,0.0
5455.0,9.96986301369863,20.0,3217.0,4.8311688311688314,3.0,1.4935064935064934,1.0,14.324675324675324,1.0
5453.0,11.065753424657535,6.0,2796.0,5.273972602739726,2.0,1.643835616438356,1.0,11.821917808219178,0.0
5452.0,14.53972602739726,9.0,12671.0,4.208502024291498,3.0,1.4008097165991902,1.0,10.935222672064777,1.0
5445.0,8.23013698630137,28.0,104259.0,6.900791556728232,4.0,1.4511873350923483,1.0,43.922955145118735,1.0
5423.0,8.520547945205479,24.0,1965.0,4.512820512820513,2.0,1.1538461538461537,1.0,49.8974358974359,0.0
5422.0,11.441095890410958,10.0,4095.0,4.287356321839081,2.0,1.3218390804597702,1.0,34.93103448275862,0.0
5412.0,12.580821917808219,37.0,2693.0,7.162162162162162,5.0,1.6486486486486487,2.0,35.891891891891895,3.0
5411.0,9.821917808219178,0.0,34418.0,5.061417322834646,3.0,1.2346456692913386,1.0,15.453543307086614,0.0
5410.0,7.167123287671233,13.0,1895.0,7.089887640449438,6.0,1.1685393258426966,1.0,11.92134831460674,0.0
5400.0,7.602739726027397,0.0,17165.0,8.772727272727273,7.0,1.950909090909091,2.0,4.290909090909091,0.0
5380.0,8.572602739726028,9.0,4713.0,4.380952380952381,2.0,1.2952380952380953,1.0,26.066666666666666,0.0
5370.0,9.580821917808219,31.0,10693.0,6.994708994708994,4.0,1.7671957671957672,1.0,32.00529100529101,1.0
5368.0,11.895890410958904,7.0,5639.0,1.9213973799126638,1.0,1.0960698689956332,1.0,4.253275109170306,0.0
5360.0,11.33972602739726,3.0,807.0,8.0,7.0,1.7777777777777777,2.0,22.555555555555557,1.0
5352.0,13.024657534246575,36.0,71379.0,5.3532440782698245,4.0,1.7842430484037075,2.0,20.18898043254377,0.0
5340.0,10.057534246575342,5.0,885.0,8.571428571428571,9.0,1.8571428571428572,2.0,18.0,10.0
5335.0,9.336986301369864,0.0,5151.0,3.9096385542168677,2.0,1.4216867469879517,1.0,9.042168674698795,0.0
5326.0,10.153424657534247,1.0,20692.0,6.60506329113924,4.0,2.4075949367088607,2.0,32.02278481012658,0.0
5307.0,10.827397260273973,45.0,935128.0,8.13928383359663,5.0,1.4967526768474635,1.0,69.44023170089521,1.0
5300.0,12.106849315068493,11.0,68147.0,6.66820987654321,4.0,1.8919753086419753,2.0,87.58179012345678,3.0
5295.0,7.936986301369863,66.0,18011.0,6.031390134529148,4.0,1.6367713004484306,1.0,15.908071748878923,0.0
5291.0,11.624657534246575,37.0,623.0,4.6,3.0,1.04,1.0,2.16,0.0
5280.0,11.136986301369863,0.0,50767.0,2.6155125491381916,2.0,1.0084668884185062,1.0,0.44436044753553067,0.0
5274.0,10.923287671232877,0.0,481.0,7.0,7.5,1.6666666666666667,2.0,151.66666666666666,190.0
5272.0,12.419178082191781,0.0,6501.0,4.9504950495049505,3.0,1.316831683168317,1.0,75.06930693069307,0.0
5264.0,9.92876712328767,0.0,191625.0,5.311255881288455,3.0,2.1892870068765835,1.0,394.6348172276511,1.0
5257.0,10.449315068493151,0.0,3935.0,3.8852459016393444,2.0,1.6885245901639345,1.0,29.65573770491803,1.0
5249.0,4.421917808219178,112.0,2257.0,4.127272727272727,3.0,1.1818181818181819,1.0,1.9454545454545455,0.0
5246.0,10.183561643835617,2.0,449.0,3.888888888888889,2.0,1.2222222222222223,1.0,4.111111111111111,0.0
5242.0,13.065753424657535,0.0,71163.0,5.8626097867001254,3.0,1.3613550815558344,1.0,20.50564617314931,1.0
5237.0,9.654794520547945,0.0,19559.0,4.062780269058296,2.0,1.2376681614349776,1.0,93.55156950672645,0.0
5230.0,12.167123287671233,0.0,3688.0,6.078431372549019,4.0,1.8235294117647058,1.0,86.58823529411765,1.0
5222.0,9.33972602739726,33.0,2197.0,4.425,3.0,1.2,1.0,4.15,0.0
5215.0,5.967123287671233,110.0,37050.0,4.846445497630332,3.0,1.4454976303317535,1.0,24.365876777251184,0.0
5215.0,10.0,14.0,2805.0,4.638297872340425,2.0,1.3829787234042554,1.0,139.68085106382978,0.0
5214.0,7.254794520547946,8.0,18986.0,6.440233236151603,4.0,1.2653061224489797,1.0,35.25947521865889,0.0
5213.0,9.178082191780822,15.0,28287.0,5.887323943661972,3.0,1.6954225352112675,1.0,34.29401408450704,1.0
5208.0,6.306849315068493,0.0,1494.0,4.093525179856115,3.0,1.1798561151079137,1.0,1.3525179856115108,0.0
5205.0,5.353424657534247,12.0,4470.0,4.385,2.0,1.07,1.0,20.62,0.0
5195.0,8.53972602739726,118.0,42354.0,4.359238699444885,2.0,1.7335448057097542,1.0,34.10785091197462,0.0
5186.0,7.361643835616438,44.0,14165.0,5.09065934065934,2.0,1.1895604395604396,1.0,25.928571428571427,0.0
5173.0,6.186301369863013,0.0,1770.0,6.788617886178862,5.0,1.0406504065040652,1.0,5.430894308943089,0.0
5170.0,8.164383561643836,0.0,389.0,3.5833333333333335,3.0,1.0,1.0,2.8333333333333335,0.5
5168.0,10.271232876712329,0.0,617823.0,7.189929238026869,4.0,1.4881550610193826,1.0,55.748230950671726,1.0
5153.0,12.728767123287671,0.0,1987.0,2.4352941176470586,1.0,1.388235294117647,1.0,3.552941176470588,0.0
5148.0,8.871232876712329,146.0,122442.0,11.401384083044983,8.0,1.5273356401384084,1.0,46.2636678200692,1.0
5146.0,11.997260273972604,0.0,11244.0,1.9581993569131833,2.0,1.1189710610932475,1.0,5.096463022508039,1.0
5133.0,7.93972602739726,32.0,18446.0,5.326259946949602,2.0,1.5915119363395225,1.0,46.753315649867375,0.0
5108.0,5.531506849315068,0.0,7334.0,4.026315789473684,2.0,1.730263157894737,1.0,7.0131578947368425,0.0
5102.0,10.131506849315068,0.0,4717.0,6.842424242424243,5.0,1.1393939393939394,1.0,6.6909090909090905,0.0
5080.0,10.635616438356164,50.0,154293.0,6.409711684370258,4.0,2.8577389984825494,2.0,13.809939301972685,1.0
5074.0,11.72054794520548,33.0,8171.0,6.196969696969697,4.0,1.3181818181818181,1.0,38.96969696969697,1.0
5069.0,7.493150684931507,30.0,67017.0,4.4438614900314795,3.0,1.6747114375655823,1.0,42.25813221406086,1.0
5060.0,11.334246575342465,14.0,46021.0,6.562300319488818,3.0,1.766773162939297,1.0,87.39456869009585,0.0
5058.0,9.35890410958904,197.0,201667.0,6.898123324396783,6.0,1.5379803395889187,1.0,122.5035746201966,1.0
5053.0,9.312328767123288,25.0,7726.0,3.8,2.0,1.4756756756756757,1.0,20.167567567567566,0.0
5047.0,8.128767123287671,85.0,95705.0,2.8236101578586137,2.0,1.1098146877144819,1.0,59.40185312285518,0.0
5036.0,11.693150684931506,17.0,6750.0,2.3488372093023258,1.0,1.5426356589147288,1.0,15.449612403100776,0.0
5029.0,14.567123287671233,27.0,104636.0,7.087682672233821,4.0,1.2839248434237995,1.0,64.87578288100208,0.0
5020.0,5.1287671232876715,40.0,24342.0,6.222764227642276,4.0,1.4211382113821138,1.0,13.058536585365854,1.0
5016.0,7.671232876712328,42.0,21155.0,5.597378277153558,3.0,1.3745318352059925,1.0,34.762172284644194,0.0
5015.0,12.753424657534246,1.0,6707.0,4.4363636363636365,3.0,1.2454545454545454,1.0,43.06363636363636,1.0
5013.0,14.92054794520548,55.0,22345.0,7.038135593220339,3.0,1.6355932203389831,1.0,7.860169491525424,0.0
5013.0,6.964383561643835,80.0,32815.0,5.132938187976292,3.0,1.1981371718882303,1.0,17.821337849280273,0.0
5012.0,8.64931506849315,0.0,2018.0,4.711538461538462,3.0,1.3269230769230769,1.0,5.634615384615385,0.0
5011.0,12.101369863013698,8.0,6633.0,11.090909090909092,9.0,2.272727272727273,3.0,106.03030303030303,3.0
5009.0,12.69041095890411,101.0,143047.0,5.605725765946761,4.0,2.0748367654445,2.0,44.01557006529382,1.0
5009.0,12.03013698630137,10.0,4857.0,5.092592592592593,4.0,1.3148148148148149,1.0,7.62962962962963,1.0
5006.0,8.550684931506849,14.0,610.0,6.375,4.5,1.75,1.5,57.875,1.0
4997.0,7.975342465753425,10.0,1518.0,5.208333333333333,2.0,1.375,1.0,58.375,0.0
4995.0,9.342465753424657,0.0,5299.0,3.5670103092783507,3.0,1.3608247422680413,1.0,76.48453608247422,3.0
4994.0,10.271232876712329,9.0,1047.0,5.241379310344827,3.0,1.0344827586206897,1.0,57.86206896551724,0.0
4987.0,8.013698630136986,10.0,12466.0,4.211309523809524,3.0,1.5535714285714286,1.0,12.547619047619047,0.0
4985.0,6.8931506849315065,0.0,2285.0,4.9523809523809526,3.0,1.5714285714285714,2.0,9.142857142857142,0.0
4984.0,9.180821917808219,105.0,18928.0,10.456035767511178,11.0,2.241430700447094,1.0,10.774962742175857,0.0
4983.0,13.849315068493151,49.0,91652.0,8.562724014336917,6.0,2.281362007168459,2.0,294.747311827957,10.0
4982.0,13.8,0.0,1281.0,5.172413793103448,5.0,1.206896551724138,1.0,9.448275862068966,0.0
4980.0,10.356164383561644,1.0,2223.0,4.7875,2.0,1.5375,1.0,9.9375,0.0
4980.0,10.654794520547945,1.0,598.0,2.2962962962962963,1.0,1.1851851851851851,1.0,2.7037037037037037,0.0
4978.0,6.197260273972603,23.0,91066.0,5.634278817139409,3.0,1.6107423053711527,1.0,52.71031985515993,1.0
4976.0,1.9013698630136986,0.0,2787.0,5.9,5.0,1.2444444444444445,1.0,5.811111111111111,0.0
4967.0,12.241095890410959,21.0,1010756.0,6.638680984922443,6.0,2.2949343746610262,2.0,1007.6695954008027,78.0
4964.0,8.32876712328767,25.0,19393.0,4.747967479674797,3.0,1.4552845528455285,1.0,19.41260162601626,0.0
4955.0,5.005479452054795,69.0,36843.0,10.326951399116348,7.0,1.3917525773195876,1.0,16.44624447717231,0.0
4951.0,13.7013698630137,101.0,99252.0,6.717821782178218,4.0,1.7810781078107811,2.0,61.95544554455446,3.0
4951.0,12.591780821917808,0.0,20198.0,3.2395437262357416,2.0,2.0228136882129277,1.0,81.84790874524715,0.0
4949.0,5.671232876712328,0.0,8865.0,5.009433962264151,3.0,1.3608490566037736,1.0,8.169811320754716,0.0
4949.0,8.561643835616438,0.0,3992.0,3.6648648648648647,2.0,1.2540540540540541,1.0,6.286486486486487,0.0
4947.0,8.975342465753425,13.0,2538.0,4.017241379310345,2.0,1.3103448275862069,1.0,57.5,0.5
4945.0,8.884931506849314,0.0,228142.0,6.245654162854529,3.0,1.3847209515096066,1.0,43.44144556267155,0.0
4936.0,7.2684931506849315,0.0,1449.0,6.428571428571429,5.0,1.0,1.0,93.42857142857143,1.0
4935.0,14.178082191780822,1.0,677330.0,8.62684124386252,5.0,1.6926350245499182,1.0,101.85662847790508,1.0
4932.0,8.471232876712328,208.0,20673.0,2.7611940298507465,1.0,1.4875621890547264,1.0,85.72139303482587,0.0
4930.0,5.698630136986301,0.0,54846.0,8.28713768115942,6.0,2.0027173913043477,2.0,34.018115942028984,1.0
4921.0,10.432876712328767,0.0,504.0,3.4210526315789473,2.0,1.368421052631579,1.0,23.157894736842106,0.0
4914.0,9.972602739726028,18.0,488.0,5.157894736842105,4.0,1.631578947368421,1.0,10.68421052631579,1.0
4902.0,8.967123287671233,0.0,812.0,4.142857142857143,2.0,1.3333333333333333,1.0,13.380952380952381,0.0
4899.0,10.693150684931506,18.0,8533.0,7.208333333333333,6.0,1.2159090909090908,1.0,85.81060606060606,0.0
4897.0,10.082191780821917,0.0,1118157.0,5.582765569523079,3.0,1.6481143844160828,1.0,494.09125803665677,0.0
4895.0,11.323287671232876,48.0,12171.0,5.059760956175299,3.0,1.3306772908366533,1.0,4.964143426294821,0.0
4881.0,9.342465753424657,255.0,281585.0,6.353684556047924,5.0,1.3307073691120959,1.0,34.10027900869851,0.0
4881.0,13.10958904109589,161.0,32480.0,5.541062801932367,4.0,1.5571658615136876,1.0,30.82608695652174,1.0
4880.0,8.41095890410959,0.0,2603.0,2.5380710659898478,2.0,1.2791878172588833,1.0,1.4263959390862944,0.0
4877.0,8.663013698630136,0.0,20047.0,5.192893401015229,3.0,1.2893401015228427,1.0,63.19035532994924,3.0
4875.0,9.07123287671233,26.0,428.0,4.565217391304348,4.0,1.391304347826087,1.0,1.9565217391304348,1.0
4863.0,6.175342465753425,27.0,6105.0,6.0508474576271185,3.0,1.194915254237288,1.0,34.54237288135593,9.5
4855.0,6.8931506849315065,18.0,4957.0,4.923076923076923,3.0,1.1479289940828403,1.0,2.4142011834319526,0.0
4849.0,5.197260273972603,2.0,3683.0,3.3333333333333335,3.0,1.2,1.0,20.851282051282052,0.0
4837.0,10.978082191780821,15.0,17670.0,3.218875502008032,1.0,1.5321285140562249,1.0,261.7971887550201,0.0
4834.0,11.024657534246575,140.0,177808.0,7.408856289051888,4.0,1.713121434392828,1.0,30.28524857375713,0.0
4833.0,3.1342465753424658,46.0,41435.0,7.69126213592233,5.0,1.3281553398058252,1.0,42.45242718446602,1.0
4832.0,11.057534246575342,0.0,15738.0,3.122004357298475,3.0,1.2766884531590414,1.0,20.335511982570807,0.0
4831.0,13.627397260273973,35.0,98636.0,5.178217821782178,3.0,2.038675742574257,1.0,42.900680693069305,0.0
4830.0,13.791780821917808,0.0,6710.0,4.115555555555556,4.0,1.448888888888889,1.0,40.74666666666667,0.0
4830.0,3.9506849315068493,0.0,64304.0,7.18655462184874,4.0,1.2056022408963585,1.0,13.0296918767507,0.0
4830.0,3.7150684931506848,124.0,156525.0,9.054638896402489,7.0,1.1625642412767108,1.0,25.585068974844468,1.0
4822.0,9.32054794520548,1.0,1776.0,2.806451612903226,2.0,1.3870967741935485,1.0,18.64516129032258,1.0
4815.0,10.43013698630137,23.0,9485.0,6.870466321243524,5.0,1.6787564766839378,1.0,25.72020725388601,0.0
4806.0,10.854794520547944,0.0,23221.0,5.891791044776119,4.0,1.544776119402985,1.0,23.51865671641791,1.0
4797.0,4.506849315068493,22.0,2783.0,5.387878787878788,4.0,1.084848484848485,1.0,15.55151515151515,0.0
4784.0,12.276712328767124,219.0,448089.0,6.511595361855258,5.0,1.646141543382647,1.0,324.8094762095162,1.0
4782.0,10.863013698630137,168.0,322220.0,5.885490196078432,3.0,1.894640522875817,1.0,58.67895424836601,1.0
4779.0,12.41095890410959,149.0,150730.0,8.68701351904957,6.0,1.8123719786972552,1.0,28.257681278164686,1.0
4770.0,10.241095890410959,0.0,848.0,4.827586206896552,3.0,1.4482758620689655,1.0,7.793103448275862,1.0
4766.0,13.98082191780822,52.0,37352.0,4.669847328244275,3.0,1.4866412213740459,1.0,60.982824427480914,1.0
4764.0,14.284931506849315,0.0,228499.0,4.890744206132143,2.0,1.2753706635957966,1.0,381.84756009788396,0.0
4761.0,10.736986301369862,0.0,358197.0,7.577269452449568,5.0,1.6984870317002883,1.0,359.2869236311239,1.0
4756.0,9.479452054794521,80.0,4045.0,6.08955223880597,4.0,1.1492537313432836,1.0,8.388059701492537,0.0
4755.0,9.895890410958904,20.0,34773.0,5.128472222222222,4.0,1.7546296296296295,1.0,13.76736111111111,1.0
4749.0,11.276712328767124,7.0,4010.0,5.861111111111111,3.0,1.8611111111111112,1.5,155.88888888888889,0.5
4742.0,8.624657534246575,0.0,2983.0,4.833333333333333,3.0,1.2638888888888888,1.0,12.125,0.0
4741.0,3.8438356164383563,0.0,9415.0,3.255434782608696,2.0,1.252717391304348,1.0,10.701086956521738,0.0
4734.0,11.92876712328767,3.0,4782.0,2.771573604060914,1.0,1.1522842639593909,1.0,13.65989847715736,0.0
4733.0,4.232876712328767,56.0,25767.0,4.952554744525547,2.0,1.7116788321167884,1.0,313.22627737226276,1.0
4731.0,10.528767123287672,0.0,1543.0,4.37037037037037,2.0,1.4074074074074074,1.0,82.48148148148148,0.0
4729.0,8.726027397260275,35.0,76050.0,5.049532195927353,4.0,1.6719867914144193,1.0,13.24380847550908,0.0
4722.0,10.378082191780821,0.0,39118.0,3.751684311838306,2.0,1.277189605389798,1.0,21.467757459095285,0.0
4722.0,9.63013698630137,0.0,1563.0,4.88,3.0,1.32,1.0,18.28,0.0
4713.0,6.358904109589041,0.0,1924.0,4.734104046242774,4.0,1.092485549132948,1.0,3.1445086705202314,0.0
4705.0,6.13972602739726,0.0,2714.0,3.8656716417910446,3.0,1.1194029850746268,1.0,6.007462686567164,0.0
4700.0,8.10958904109589,5.0,1698.0,5.904761904761905,4.0,1.380952380952381,1.0,55.73809523809524,0.5
4694.0,13.652054794520549,0.0,35257.0,6.155155155155155,4.0,1.6396396396396395,1.0,13.40940940940941,0.0
4692.0,12.063013698630137,0.0,65134.0,7.27141568981064,5.0,1.6248872858431018,1.0,95.82236248872859,1.0
4690.0,12.342465753424657,0.0,3158.0,3.903225806451613,3.0,1.935483870967742,2.0,22.080645161290324,3.0
4666.0,10.208219178082192,54.0,7536.0,6.589041095890411,5.0,1.4657534246575343,1.0,127.63013698630137,1.0
4666.0,9.698630136986301,66.0,13274.0,9.788732394366198,7.0,1.9577464788732395,1.0,12.338028169014084,1.0
4650.0,11.495890410958904,27.0,32257.0,5.901356350184956,4.0,2.177558569667078,1.0,18.620221948212084,0.0
4640.0,8.578082191780823,14.0,3532.0,5.513888888888889,4.0,1.5,1.0,22.805555555555557,1.0
4635.0,7.945205479452055,0.0,51915.0,4.0099173553719005,3.0,1.2209366391184573,1.0,15.170247933884298,0.0
4633.0,6.035616438356165,30.0,7950.0,6.313888888888889,5.0,1.2472222222222222,1.0,6.669444444444444,0.0
4627.0,3.356164383561644,0.0,438483.0,6.604947526236882,5.0,2.204272863568216,2.0,97.70089955022489,1.0
4614.0,8.336986301369864,23.0,40533.0,6.946745562130178,5.0,1.3364327979712596,1.0,16.97971259509721,0.0
4612.0,11.526027397260274,0.0,3152.0,3.264705882352941,1.5,1.3529411764705883,1.0,19.61764705882353,0.0
4611.0,8.830136986301369,10.0,6309.0,5.787709497206704,4.0,1.5977653631284916,1.0,11.64804469273743,0.0
4603.0,7.3342465753424655,0.0,633.0,5.777777777777778,6.0,1.4074074074074074,1.0,9.444444444444445,0.0
4595.0,12.178082191780822,41.0,21788.0,4.387323943661972,2.0,1.2661971830985916,1.0,13.377464788732395,0.0
4589.0,8.016438356164384,0.0,11795.0,5.749090909090909,4.0,1.250909090909091,1.0,16.45090909090909,0.0
4586.0,14.24931506849315,23.0,11883.0,3.202247191011236,1.0,1.2247191011235956,1.0,305.0674157303371,3.0
4584.0,1.5863013698630137,57.0,646581.0,7.198742420839883,4.0,1.3525713002470245,1.0,46.272288344936,0.0
4579.0,13.219178082191782,3.0,4736.0,5.27710843373494,4.0,1.3132530120481927,1.0,55.89156626506024,1.0
4576.0,10.002739726027396,14.0,22796.0,6.396190476190476,4.0,1.2057142857142857,1.0,89.65523809523809,0.0
4576.0,9.591780821917808,0.0,34709.0,4.136075949367089,2.0,1.379746835443038,1.0,60.29430379746835,0.0
4567.0,7.446575342465754,0.0,2437.0,5.104651162790698,3.0,1.069767441860465,1.0,12.686046511627907,0.0
4566.0,11.983561643835616,18.0,52770.0,3.4343958487768718,2.0,1.5151964418087471,1.0,35.99703484062268,0.0
4565.0,7.93972602739726,255.0,77656.0,5.693418940609952,4.0,1.2857142857142858,1.0,19.716960941680043,0.0
4564.0,6.06027397260274,0.0,329.0,1.5263157894736843,1.0,1.0,1.0,1.9473684210526316,1.0
4563.0,7.6136986301369864,0.0,11203.0,5.205741626794258,4.0,1.1818181818181819,1.0,32.60765550239235,0.0
4560.0,10.915068493150685,12.0,26575.0,5.938679245283019,5.0,2.0235849056603774,2.0,153.1933962264151,1.0
4557.0,9.131506849315068,11.0,44643.0,5.503215434083601,4.0,1.585209003215434,1.0,28.39790996784566,1.0
4556.0,10.082191780821917,9.0,3329.0,4.69811320754717,2.0,1.3584905660377358,1.0,4.30188679245283,0.0
4556.0,8.895890410958904,0.0,3771.0,3.787037037037037,2.0,1.212962962962963,1.0,13.351851851851851,0.0
4555.0,14.561643835616438,21.0,45363.0,8.181095406360424,6.0,2.0989399293286217,2.0,110.02915194346289,3.0
4540.0,15.835616438356164,23.0,149089.0,5.431878113096982,3.0,1.582185760328157,1.0,45.071784353940814,1.0
4538.0,11.021917808219179,6.0,1676.0,4.290322580645161,1.0,1.3870967741935485,1.0,26.483870967741936,0.0
4527.0,4.747945205479452,0.0,338075.0,3.5478398106135334,2.0,2.8928782797395938,2.0,440.4263168277767,0.0
4524.0,9.723287671232876,0.0,2414.0,2.9166666666666665,2.0,1.6944444444444444,1.0,82.83333333333333,0.0
4522.0,9.90958904109589,10.0,2578.0,4.897058823529412,3.0,1.3676470588235294,1.0,27.66176470588235,0.0
4517.0,11.175342465753424,9.0,21150.0,7.913183279742765,7.0,1.4019292604501608,1.0,20.742765273311896,0.0
4515.0,6.64931506849315,173.0,92553.0,6.79413680781759,3.0,1.6130293159609121,1.0,29.191530944625406,1.0
4514.0,13.41095890410959,5.0,20453.0,5.274914089347079,4.0,2.1649484536082473,1.0,49.044673539518904,1.0
4513.0,11.30958904109589,9.0,2208.0,4.854166666666667,3.0,1.2291666666666667,1.0,26.3125,0.0
4498.0,8.783561643835617,244.0,50933.0,9.633393829401088,4.0,1.7096188747731398,1.0,114.9038112522686,1.0
4492.0,8.424657534246576,1.0,15905.0,4.578616352201258,3.0,1.4150943396226414,1.0,36.886792452830186,0.0
4491.0,8.8,1.0,38892.0,4.92128801431127,3.0,1.8175313059033988,1.0,42.7906976744186,3.0
4489.0,12.421917808219177,48.0,93861.0,6.493374902572096,4.0,1.3476227591582228,1.0,35.83632112236945,1.0
4487.0,11.331506849315069,0.0,31758.0,3.567198177676538,3.0,1.5831435079726652,1.0,7.050113895216401,0.0
4481.0,8.150684931506849,46.0,24318.0,5.119289340101523,4.0,1.7563451776649746,1.0,102.95939086294416,0.0
4480.0,13.282191780821918,0.0,7585.0,4.2898550724637685,2.0,1.434782608695652,1.0,30.144927536231883,0.0
4478.0,8.813698630136987,76.0,7945.0,6.037313432835821,4.0,1.3059701492537314,1.0,11.485074626865671,1.0
4473.0,12.2,286.0,70092.0,5.255585344057194,3.0,1.6273458445040214,1.0,78.85701519213583,1.0
4470.0,8.479452054794521,0.0,4005.0,4.565891472868217,4.0,1.496124031007752,1.0,2.8217054263565893,0.0
4462.0,7.8273972602739725,5.0,5127.0,3.228187919463087,3.0,1.6241610738255035,1.0,30.395973154362416,1.0
4444.0,8.142465753424657,0.0,4049.0,5.815068493150685,3.0,1.3835616438356164,1.0,14.10958904109589,0.0
4438.0,12.134246575342466,0.0,2286.0,4.553191489361702,4.0,1.2340425531914894,1.0,25.872340425531913,0.0
4436.0,8.016438356164384,13.0,2953.0,3.5238095238095237,2.0,1.2619047619047619,1.0,17.357142857142858,3.5
4436.0,9.271232876712329,99.0,58908.0,8.914564686737185,6.0,1.8437754271765663,1.0,134.64768104149715,3.0
4407.0,9.183561643835617,3.0,56014.0,3.669811320754717,2.0,1.2943396226415094,1.0,13.650943396226415,0.0
4396.0,9.772602739726027,24.0,8549.0,6.2,5.0,1.48,1.0,88.64,0.0
4392.0,8.052054794520547,62.0,103680.0,5.633390705679862,2.0,1.3209982788296042,1.0,180.24526678141137,1.0
4391.0,12.421917808219177,1.0,17542.0,5.863084922010398,5.0,1.5389948006932408,1.0,34.65684575389948,1.0
4386.0,8.676712328767124,9.0,1581.0,4.612903225806452,4.0,1.3225806451612903,1.0,27.612903225806452,0.0
4381.0,5.3863013698630136,33.0,85117.0,6.944134078212291,5.0,1.5488826815642458,1.0,146.39804469273744,2.0
4378.0,7.739726027397261,58.0,22791.0,6.77536231884058,2.5,1.5797101449275361,1.0,25.14855072463768,1.0
4367.0,9.0,16.0,2091.0,7.533333333333333,5.5,1.4333333333333333,1.0,69.26666666666667,4.5
4361.0,13.728767123287671,30.0,12555.0,4.97911227154047,3.0,1.6657963446475197,1.0,4.130548302872063,0.0
4359.0,15.561643835616438,11.0,36690.0,5.0546875,3.0,1.7822265625,1.0,19.712890625,1.0
4357.0,9.901369863013699,0.0,1961.0,2.0617283950617282,2.0,1.0,1.0,0.9012345679012346,0.0
4354.0,5.846575342465753,0.0,1835.0,3.727272727272727,3.0,1.077922077922078,1.0,6.402597402597403,1.0
4353.0,7.383561643835616,40.0,567.0,2.5625,2.5,1.0,1.0,57.375,0.0
4314.0,10.202739726027398,0.0,242946.0,5.374288964732651,3.0,1.869169510807736,2.0,38.69419795221843,0.0
4310.0,9.813698630136987,4.0,5450.0,5.148148148148148,3.0,1.4074074074074074,1.0,9.796296296296296,1.0
4307.0,9.942465753424658,23.0,229981.0,6.179471788715486,4.0,2.0564225690276112,2.0,176.13025210084032,3.0
4302.0,9.145205479452056,5.0,3685.0,5.828947368421052,3.0,1.486842105263158,1.0,23.07894736842105,0.0
4301.0,5.46027397260274,24.0,18747.0,5.800796812749004,3.0,1.4661354581673307,1.0,63.91633466135458,3.0
4297.0,12.698630136986301,48.0,36232.0,4.145161290322581,3.0,1.424731182795699,1.0,12.59032258064516,0.0
4290.0,11.832876712328767,0.0,4965.0,5.090909090909091,3.0,1.893939393939394,1.0,15.818181818181818,0.0
4285.0,11.556164383561644,0.0,3717.0,5.595959595959596,3.0,1.7272727272727273,1.0,7.05050505050505,1.0
4277.0,11.205479452054794,0.0,18132.0,4.225328947368421,4.0,1.488486842105263,1.0,3.3289473684210527,0.0
4269.0,14.098630136986301,1.0,470.0,5.375,4.0,1.375,1.0,40.75,1.5
4268.0,10.64109589041096,7.0,1712.0,6.511111111111111,5.0,1.6222222222222222,2.0,8.511111111111111,1.0
4265.0,9.10958904109589,0.0,10984.0,1.0823373173970783,1.0,1.2868525896414342,1.0,0.5962815405046481,0.0
4262.0,5.964383561643835,0.0,5235.0,4.085034013605442,3.0,1.248299319727891,1.0,3.163265306122449,0.0
4259.0,3.1945205479452055,17.0,16431.0,4.846728971962617,4.0,1.2934579439252336,1.0,17.90093457943925,0.0
4255.0,5.416438356164384,0.0,44742.0,4.765895953757226,3.0,1.1560693641618498,1.0,67.48265895953757,0.0
4251.0,7.69041095890411,31.0,24549.0,6.7560975609756095,4.0,1.6326219512195121,1.0,32.92835365853659,1.0
4243.0,2.580821917808219,0.0,4956.0,7.287625418060201,6.0,1.117056856187291,1.0,7.25752508361204,0.0
4240.0,7.035616438356165,122.0,7618.0,6.647058823529412,3.0,1.2352941176470589,1.0,37.44705882352941,0.0
4235.0,9.723287671232876,0.0,10026.0,6.38655462184874,6.0,2.063025210084034,1.0,19.176470588235293,1.0
4228.0,2.0082191780821916,0.0,9260.0,6.231981981981982,5.0,1.2027027027027026,1.0,4.4391891891891895,0.0
4220.0,8.706849315068494,2.0,988.0,4.833333333333333,2.0,1.625,1.0,23.625,0.0
4208.0,7.353424657534247,14.0,7782.0,4.986486486486487,4.0,1.2117117117117118,1.0,6.337837837837838,0.0
4195.0,11.945205479452055,129.0,438233.0,7.457778948755105,5.0,1.6486628902647873,1.0,48.080226584112765,1.0
4192.0,8.142465753424657,0.0,473.0,5.294117647058823,3.0,1.411764705882353,1.0,9.411764705882353,0.0
4190.0,11.906849315068493,7.0,196299.0,5.331881804043546,3.0,1.9004665629860031,1.0,39.423328149300154,0.0
4188.0,7.345205479452055,9.0,1473.0,3.772727272727273,2.0,1.2727272727272727,1.0,9.727272727272727,1.0
4187.0,12.210958904109589,0.0,545809.0,6.287620113816588,4.0,1.6050004664614237,1.0,85.32838884224275,1.0
4186.0,9.72054794520548,14.0,1736.0,5.2,3.0,1.3,1.0,7.38,0.0
4184.0,9.484931506849316,31.0,4431.0,4.52,4.0,1.2228571428571429,1.0,16.177142857142858,0.0
4179.0,10.813698630136987,16.0,32844.0,3.3691699604743084,2.0,1.242687747035573,1.0,22.765217391304347,0.0
4178.0,1.6986301369863013,11.0,7728.0,6.339449541284404,5.0,1.4128440366972477,1.0,20.376146788990827,1.0
4172.0,10.402739726027397,0.0,2123.0,5.0,3.0,1.5849056603773586,2.0,26.28301886792453,1.0
4169.0,11.824657534246576,24.0,83226.0,3.220720720720721,1.0,1.5468468468468468,1.0,43.90810810810811,0.0
4169.0,10.468493150684932,5.0,2251.0,4.925373134328358,3.0,1.1791044776119404,1.0,4.0,0.0
4148.0,14.997260273972604,0.0,8597773.0,6.9305867680107305,6.0,1.2068160158134391,1.0,123.31099175206786,1.0
4146.0,9.419178082191781,8.0,1096.0,2.8666666666666667,2.0,1.5,1.0,12.133333333333333,0.0
4136.0,8.841095890410958,21.0,19130.0,7.0503597122302155,5.0,2.143884892086331,2.0,12.848920863309353,1.0
4135.0,7.564383561643836,76.0,28305.0,6.975155279503106,4.0,1.5093167701863355,1.0,131.1086956521739,1.0
4123.0,7.473972602739726,0.0,27535.0,5.413911060433295,4.0,1.2223489167616877,1.0,10.598631698973774,0.0
4118.0,4.857534246575343,0.0,1583.0,4.825,4.0,1.2375,1.0,1.2125,0.0
4114.0,7.975342465753425,38.0,24338.0,5.2595818815331015,3.0,1.6777003484320558,1.0,23.21080139372822,0.0
4111.0,8.926027397260274,0.0,4428.0,6.507692307692308,4.0,1.4461538461538461,1.0,15.830769230769231,1.0
4095.0,10.106849315068493,213.0,17684.0,6.112540192926045,4.0,1.6237942122186495,1.0,32.048231511254016,0.0
4093.0,0.44931506849315067,3.0,20720.0,6.326278659611993,5.0,1.3738977072310405,1.0,31.80246913580247,1.0
4089.0,10.841095890410958,4.0,552.0,5.133333333333334,4.0,1.7333333333333334,1.0,11.8,0.0
4068.0,4.832876712328767,37.0,7302.0,4.135135135135135,4.0,1.454054054054054,1.0,7.951351351351351,1.0
4067.0,8.580821917808219,0.0,240.0,5.333333333333333,6.0,1.5555555555555556,2.0,2.2222222222222223,0.0
4066.0,11.191780821917808,0.0,1543.0,3.0849056603773586,2.0,1.150943396226415,1.0,2.3679245283018866,0.0
4065.0,1.106849315068493,12.0,2641.0,5.637931034482759,4.0,1.4827586206896552,1.0,11.620689655172415,0.5
4061.0,2.9753424657534246,10.0,24128.0,5.572706935123042,3.0,1.6241610738255035,1.0,50.20134228187919,0.0
4061.0,12.531506849315068,37.0,26882.0,4.037087912087912,3.0,1.4587912087912087,1.0,12.949175824175825,0.0
4056.0,5.632876712328767,8.0,73638.0,4.983835415135929,3.0,1.281410727406319,1.0,21.41587068332109,1.0
4050.0,7.32054794520548,0.0,4599.0,4.966666666666667,4.0,1.2583333333333333,1.0,16.316666666666666,0.0
4046.0,7.627397260273972,13.0,1021.0,6.25,3.0,1.3333333333333333,1.0,122.5,0.0
4035.0,6.961643835616439,30.0,104300.0,7.174843423799582,4.0,1.551670146137787,1.0,20.90135699373695,1.0
4028.0,12.326027397260274,0.0,10774.0,4.066666666666666,3.0,1.1541666666666666,1.0,6.770833333333333,0.0
4017.0,5.813698630136987,28.0,25881.0,7.379310344827586,5.0,1.284072249589491,1.0,18.334975369458128,0.0
4017.0,10.780821917808218,0.0,23397.0,7.740061162079511,3.0,2.1773700305810397,1.0,49.042813455657495,4.0
4013.0,3.5863013698630137,4.0,418376.0,9.207435719249478,4.0,1.4030576789437108,1.0,536.3752605976373,1.0
4012.0,11.136986301369863,11.0,5144.0,2.132911392405063,1.0,1.0822784810126582,1.0,19.0126582278481,0.0
4012.0,7.186301369863013,6.0,9893.0,4.608695652173913,2.0,1.3782608695652174,1.0,24.182608695652174,1.0
4004.0,10.663013698630136,0.0,1014.0,5.666666666666667,3.0,1.8148148148148149,2.0,37.592592592592595,1.0
4004.0,10.186301369863013,1.0,976.0,4.333333333333333,2.5,1.6666666666666667,1.0,7.541666666666667,0.0
4002.0,9.04931506849315,0.0,6273.0,4.28476821192053,2.0,1.3708609271523178,1.0,36.271523178807946,0.0
3986.0,8.367123287671232,0.0,2513.0,4.607142857142857,3.0,1.2857142857142858,1.0,12.80952380952381,1.0
3985.0,10.07945205479452,22.0,834.0,3.6153846153846154,2.0,1.0384615384615385,1.0,12.961538461538462,1.0
3981.0,13.35890410958904,55.0,748007.0,7.219931842739589,5.0,1.821045632117031,1.0,43.58191339040811,1.0
3980.0,2.9205479452054797,56.0,405291.0,2.618846694796062,2.0,1.1874932381261496,1.0,290.820729200476,0.0
3979.0,8.10958904109589,5.0,1759.0,4.3428571428571425,2.0,1.3142857142857143,1.0,49.885714285714286,0.0
3957.0,8.75068493150685,0.0,1246.0,3.742857142857143,2.0,1.3714285714285714,1.0,8.228571428571428,1.0
3956.0,6.293150684931507,0.0,990.0,2.014925373134328,1.0,1.0298507462686568,1.0,2.298507462686567,0.0
3952.0,6.624657534246575,0.0,3018.0,1.1287128712871286,1.0,1.188118811881188,1.0,1.3267326732673268,0.0
3950.0,4.054794520547945,14.0,5137.0,7.780487804878049,4.0,1.4878048780487805,1.0,73.64634146341463,0.0
3940.0,9.665753424657535,0.0,5185.0,4.2727272727272725,2.0,1.446969696969697,1.0,10.545454545454545,0.0
3937.0,11.772602739726027,0.0,909.0,3.511627906976744,3.0,1.2325581395348837,1.0,5.186046511627907,1.0
3937.0,8.98904109589041,3.0,1001.0,4.547169811320755,3.0,1.3962264150943395,1.0,1.6037735849056605,0.0
3935.0,13.131506849315068,0.0,153604.0,5.850592578200894,4.0,1.508062949290849,1.0,24.827860889838743,0.0
3932.0,4.879452054794521,25.0,14763.0,6.409090909090909,3.0,1.207070707070707,1.0,46.33838383838384,0.5
3929.0,6.69041095890411,0.0,7584.0,3.241042345276873,2.0,1.1107491856677525,1.0,4.094462540716612,0.0
3928.0,12.964383561643835,0.0,8980.0,4.886699507389163,2.0,1.4187192118226601,1.0,8.517241379310345,0.0
3925.0,11.0,69.0,199762.0,5.754758883248731,3.0,1.6269035532994924,1.0,54.14403553299493,0.0
3905.0,10.189041095890412,0.0,11663.0,2.2936507936507935,2.0,1.0873015873015872,1.0,9.96031746031746,0.0
3902.0,9.008219178082191,36.0,5385.0,5.476744186046512,3.0,1.3488372093023255,1.0,71.33720930232558,0.0
3901.0,11.545205479452054,22.0,296225.0,5.041961577350859,4.0,1.4567745197168858,1.0,42.367290192113245,1.0
3898.0,13.687671232876712,113.0,579926.0,5.396295043139909,3.0,1.6096261207917442,1.0,26.71654542378616,0.0
3890.0,10.761643835616438,0.0,2295.0,2.827067669172932,2.0,1.0150375939849625,1.0,1.7969924812030076,0.0
3882.0,15.161643835616438,0.0,5473.0,3.176470588235294,1.0,1.1941176470588235,1.0,18.58235294117647,0.0
3881.0,8.635616438356164,0.0,140150.0,1.552564852740394,1.0,1.000390091671543,1.0,0.2886678369416813,0.0
3879.0,12.517808219178082,21.0,63347.0,5.295373665480427,3.0,1.2526690391459074,1.0,132.47686832740214,0.0
3874.0,6.526027397260274,13.0,8029.0,4.7899159663865545,4.0,1.2100840336134453,1.0,34.1764705882353,0.0
3862.0,6.906849315068493,6.0,10265.0,7.415472779369628,6.0,1.2120343839541547,1.0,2.656160458452722,0.0
3862.0,12.972602739726028,0.0,18379.0,7.532299741602067,4.0,1.7131782945736433,1.0,5.41343669250646,0.0
3862.0,6.945205479452055,61.0,71449.0,5.320605661619487,3.0,1.3238973008558261,1.0,24.552995391705068,0.0
3860.0,4.742465753424658,0.0,3941.0,4.985294117647059,3.0,1.3529411764705883,1.0,5.242647058823529,0.0
3859.0,7.8054794520547945,22.0,60130.0,7.24949494949495,3.0,1.4777777777777779,1.0,63.68080808080808,0.0
3858.0,9.471232876712328,2.0,1401.0,2.0307692307692307,1.0,1.0923076923076922,1.0,8.753846153846155,0.0
3853.0,9.263013698630138,15.0,418.0,9.0,9.0,1.5,1.5,453.5,453.5
3840.0,11.947945205479453,0.0,28475.0,4.7357910906298,3.0,1.6436251920122888,1.0,27.327188940092167,5.0
3837.0,7.23013698630137,79.0,146403.0,8.740580605311921,7.0,1.7998764669549105,1.0,79.6473131562693,1.0
3835.0,9.008219178082191,14.0,2339.0,5.108695652173913,2.0,1.173913043478261,1.0,57.47826086956522,0.0
3830.0,9.515068493150684,6.0,1361.0,4.048780487804878,2.0,1.3170731707317074,1.0,22.658536585365855,1.0
3824.0,8.210958904109589,2.0,1841.0,2.978723404255319,2.0,1.1063829787234043,1.0,15.97872340425532,0.0
3822.0,8.2,132.0,20151.0,4.984848484848484,4.0,2.5545454545454547,2.0,27.606060606060606,3.5
3818.0,10.389041095890411,0.0,1451.0,5.76,6.0,1.68,2.0,85.76,1.0
3813.0,6.002739726027397,55.0,13421.0,6.322259136212624,4.0,1.7375415282392026,1.0,20.13621262458472,0.0
3798.0,8.271232876712329,0.0,10740.0,5.92722371967655,4.0,2.0485175202156336,2.0,6.9110512129380055,0.0
3789.0,11.073972602739726,332.0,8424.0,6.514084507042254,2.5,1.6901408450704225,1.0,9.049295774647888,0.0
3782.0,8.8,0.0,804.0,5.409090909090909,4.0,1.3636363636363635,1.0,5.454545454545454,0.0
3782.0,1.1095890410958904,113.0,24870.0,6.167293233082707,4.0,1.330827067669173,1.0,19.133458646616543,0.0
3774.0,8.69041095890411,73.0,96777.0,6.355150214592275,4.0,1.5783261802575108,1.0,90.86695278969957,1.0
3773.0,8.416438356164383,39.0,4002.0,3.046511627906977,2.0,1.1627906976744187,1.0,141.67441860465115,0.0
3768.0,8.764383561643836,1.0,12029.0,5.0233644859813085,3.0,1.5420560747663552,1.0,48.05140186915888,1.0
3767.0,8.893150684931507,9.0,15032.0,4.731155778894473,3.0,1.3442211055276383,1.0,24.565326633165828,1.0
3758.0,12.602739726027398,0.0,74026.0,3.793103448275862,2.0,1.3106446776611693,1.0,7.127736131934033,0.0
3755.0,7.706849315068493,38.0,8443.0,6.108433734939759,3.0,1.5,1.0,41.41566265060241,0.0
3753.0,6.043835616438356,0.0,2411.0,4.758620689655173,3.0,1.0517241379310345,1.0,29.551724137931036,5.0
3749.0,10.70958904109589,12.0,893.0,5.4,4.0,1.3333333333333333,1.0,32.333333333333336,0.0
3746.0,3.8465753424657536,3.0,42770.0,7.665377176015474,5.0,1.31785944551902,1.0,13.330754352030947,0.0
3744.0,8.567123287671233,2.0,1085.0,3.1,2.0,1.25,1.0,5.2,0.0
3744.0,8.367123287671232,3.0,497.0,6.1,5.0,1.5,1.0,30.3,0.0
3743.0,10.463013698630137,0.0,808.0,4.620689655172414,2.0,1.2758620689655173,1.0,3.2413793103448274,0.0
3743.0,9.471232876712328,133.0,1792.0,5.634146341463414,3.0,2.073170731707317,2.0,8.609756097560975,8.0
3730.0,4.8054794520547945,1.0,9234.0,7.584269662921348,5.0,1.4943820224719102,1.0,7.51123595505618,0.0
3720.0,8.065753424657535,3.0,4269.0,4.860655737704918,3.0,1.3688524590163935,1.0,5.352459016393443,0.0
3712.0,14.04931506849315,70.0,111591.0,6.107473309608541,4.0,1.4580071174377225,1.0,25.027046263345195,0.0
3710.0,7.5479452054794525,25.0,22068.0,4.469314079422382,2.0,1.211191335740072,1.0,48.03429602888087,0.0
3707.0,7.863013698630137,53.0,1926756.0,6.867514280449604,6.0,1.5023032983231988,1.0,198.68177630366685,1.0
3707.0,9.643835616438356,0.0,8428.0,4.456140350877193,3.0,1.5,1.0,45.64912280701754,1.0
3707.0,14.726027397260275,0.0,36660.0,5.496626180836707,3.0,1.3076923076923077,1.0,55.02564102564103,1.0
3705.0,8.126027397260273,1.0,4680.0,5.768518518518518,3.0,2.8981481481481484,2.0,35.48148148148148,0.0
3703.0,8.515068493150684,0.0,5777.0,5.025773195876289,3.0,1.309278350515464,1.0,13.216494845360824,0.0
3697.0,7.638356164383562,0.0,752.0,3.727272727272727,3.0,1.2424242424242424,1.0,4.606060606060606,0.0
3695.0,4.126027397260274,0.0,104032.0,6.979661016949152,7.0,1.0033898305084745,1.0,727.8440677966101,20.0
3684.0,11.646575342465754,0.0,1993.0,4.586206896551724,2.0,1.3103448275862069,1.0,38.51724137931034,0.0
3684.0,8.704109589041096,0.0,5384.0,2.9323308270676693,2.0,1.0075187969924813,1.0,4.225563909774436,0.0
3682.0,7.978082191780822,57.0,3150.0,5.410958904109589,3.0,1.4109589041095891,1.0,47.84931506849315,0.0
3682.0,10.210958904109589,1.0,316574.0,7.738545607398066,5.0,1.503783102143758,1.0,137.51197982345522,1.0
3668.0,7.282191780821917,3.0,3566.0,6.6183206106870225,5.0,1.5725190839694656,1.0,4.923664122137405,0.0
3667.0,11.487671232876712,64.0,19249.0,7.02668759811617,5.0,1.4113029827315542,1.0,4.79905808477237,0.0
3665.0,12.32876712328767,18.0,53489.0,7.846715328467154,4.0,1.6788321167883211,1.0,34.145174371451745,2.0
3665.0,8.545205479452054,28.0,3898.0,5.096774193548387,3.0,1.8279569892473118,1.0,29.903225806451612,0.0
3663.0,6.876712328767123,63.0,54318.0,9.474226804123711,7.0,1.268041237113402,1.0,82.60366552119129,6.0
3663.0,6.043835616438356,31.0,143673.0,6.058862876254181,3.0,1.4408026755852843,1.0,74.73377926421405,1.0
3662.0,10.652054794520549,0.0,38623.0,5.6305125148986885,4.0,2.622169249106079,2.0,12.423122765196663,1.0
3657.0,12.257534246575343,0.0,124341.0,5.49802110817942,3.0,1.3608179419525066,1.0,46.73482849604222,0.0
3653.0,5.909589041095891,0.0,2552.0,6.4,5.0,1.5466666666666666,1.0,10.386666666666667,1.0
3647.0,10.810958904109588,0.0,6519.0,3.5176470588235293,2.0,1.2470588235294118,1.0,124.3529411764706,1.0
3636.0,2.2794520547945205,24.0,2010.0,5.27536231884058,3.0,1.2753623188405796,1.0,14.594202898550725,0.0
3635.0,5.583561643835616,85.0,73126.0,3.6544378698224853,2.0,3.5798816568047336,2.0,64.59289940828403,3.0
3635.0,8.523287671232877,189.0,67995.0,4.51277823577906,3.0,1.1681780708985985,1.0,23.643033800494642,0.0
3633.0,11.756164383561643,34.0,77302.0,5.57258064516129,5.0,1.1258064516129032,1.0,266.51774193548385,0.0
3629.0,11.356164383561644,18.0,37082.0,4.601522842639594,3.0,3.9086294416243654,2.5,19.965736040609137,0.0
3628.0,12.67123287671233,9.0,162037.0,5.162412252712189,3.0,1.2361199744735163,1.0,36.200382897255906,0.0
3628.0,9.484931506849316,56.0,69959.0,5.562649164677804,4.0,1.4349642004773269,1.0,20.403341288782816,1.0
3625.0,9.449315068493151,0.0,8347.0,4.074688796680498,2.0,1.2489626556016598,1.0,18.70124481327801,0.0
3620.0,8.912328767123288,29.0,714.0,5.392857142857143,2.5,1.5,1.0,5.75,2.0
3610.0,11.169863013698631,2.0,2971.0,5.153846153846154,4.0,1.564102564102564,1.0,6.769230769230769,0.0
3607.0,9.216438356164383,79.0,48446.0,6.049608355091384,4.0,1.283289817232376,1.0,108.02480417754569,1.0
3601.0,8.36986301369863,68.0,215811.0,3.3128126202385535,1.0,1.3888033859176607,1.0,25.9772989611389,0.0
3600.0,6.561643835616438,119.0,368572.0,5.5265476728422955,4.0,1.4244238590149119,1.0,23.96497966561229,1.0
3596.0,10.463013698630137,0.0,55152.0,4.168345323741007,1.0,1.2244604316546763,1.0,37.25323741007194,0.0
3596.0,9.490410958904109,0.0,343.0,4.9,2.0,1.5,1.5,4.3,0.0
3594.0,6.468493150684932,22.0,475597.0,6.47280283583914,5.0,1.742329788534409,1.0,34.70272582813837,0.0
3592.0,8.219178082191782,34.0,10752.0,6.605263157894737,6.0,1.4784688995215312,1.0,5.368421052631579,0.0
3590.0,9.742465753424657,2.0,513.0,4.526315789473684,3.0,1.368421052631579,1.0,2.1578947368421053,0.0
3587.0,7.6438356164383565,20.0,1896.0,4.3076923076923075,3.0,1.1794871794871795,1.0,10.435897435897436,0.0
3585.0,8.161643835616438,0.0,295667.0,6.260852090032154,3.0,1.3620042872454448,1.0,65.68381564844587,0.0
3582.0,11.597260273972603,0.0,933.0,1.7804878048780488,0.0,1.0975609756097562,1.0,0.5853658536585366,0.0
3576.0,7.2027397260273975,61.0,30809.0,6.903078677309008,4.0,1.2565564424173319,1.0,7.044469783352337,0.0
3574.0,14.271232876712329,25.0,25320.0,5.538569424964937,4.0,1.467040673211781,1.0,35.315568022440395,1.0
3574.0,4.794520547945205,0.0,6045.0,2.854889589905363,2.0,1.2586750788643533,1.0,3.138801261829653,0.0
3568.0,11.843835616438357,47.0,14793.0,7.0675675675675675,5.0,1.6396396396396395,1.0,38.43693693693694,1.0
3566.0,9.882191780821918,30.0,15853.0,6.024539877300613,4.0,2.1134969325153374,1.0,102.30981595092024,1.0
3564.0,5.695890410958904,28.0,3437.0,4.0,2.0,1.1384615384615384,1.0,21.615384615384617,0.0
3562.0,9.715068493150685,0.0,117.0,4.285714285714286,4.0,1.4285714285714286,1.0,1.4285714285714286,0.0
3562.0,13.243835616438357,0.0,160023.0,3.79126213592233,2.0,1.7324271844660195,1.0,24.384271844660194,0.0
3558.0,7.750684931506849,3.0,2925.0,4.4375,3.0,1.15625,1.0,37.140625,1.0
3557.0,10.068493150684931,0.0,8935.0,5.378378378378378,5.0,1.822072072072072,2.0,1.0292792792792793,1.0
3553.0,11.501369863013698,0.0,68759.0,5.017182130584192,4.0,1.6640893470790379,1.0,39.24914089347079,1.0
3551.0,9.6,0.0,87731.0,5.079159935379645,3.0,1.8061389337641358,1.0,152.29886914378028,1.0
3548.0,11.715068493150685,0.0,10156.0,4.702272727272727,3.0,1.35,1.0,16.588636363636365,0.0
3548.0,8.73972602739726,3.0,5367.0,8.297619047619047,7.5,1.6785714285714286,2.0,25.44047619047619,3.0
3544.0,11.547945205479452,0.0,1410.0,4.803571428571429,5.0,1.6428571428571428,2.0,2.142857142857143,1.0
3540.0,9.326027397260274,0.0,4170.0,3.5703703703703704,2.0,1.1777777777777778,1.0,26.28148148148148,0.0
3539.0,11.668493150684931,0.0,4848.0,2.4291666666666667,1.0,1.4125,1.0,9.004166666666666,0.0
3532.0,4.758904109589041,0.0,13368.0,2.1945288753799392,2.0,1.1732522796352585,1.0,2.893617021276596,0.0
3522.0,8.301369863013699,0.0,11288.0,6.182758620689655,5.0,1.5620689655172413,1.0,17.055172413793102,1.0
3522.0,11.786301369863013,16.0,30861.0,5.501381215469613,4.0,1.2638121546961325,1.0,32.98480662983425,1.0
3522.0,7.405479452054794,0.0,6868.0,5.345945945945946,3.0,1.1891891891891893,1.0,8.191891891891892,0.0
3521.0,9.0,364.0,544710.0,7.251613894866277,5.0,1.4096218874884723,1.0,27.88556716876729,1.0
3520.0,4.991780821917808,0.0,1793.0,2.8545454545454545,2.0,1.1636363636363636,1.0,1.3818181818181818,0.0
3520.0,10.169863013698631,10.0,2735.0,4.309859154929577,2.0,1.4929577464788732,1.0,9.971830985915492,0.0
3520.0,6.906849315068493,68.0,32091.0,7.810055865921788,6.0,1.8407821229050279,1.0,38.0195530726257,3.0
3516.0,8.868493150684932,2.0,926.0,4.40625,3.5,1.75,2.0,5.03125,0.5
3514.0,10.512328767123288,3.0,4312.0,6.635294117647059,5.0,1.1529411764705881,1.0,44.55294117647059,0.0
3510.0,9.997260273972604,0.0,149460.0,5.638888888888889,4.0,1.3823099415204678,1.0,43.08991228070175,0.0
3506.0,10.572602739726028,2.0,1347.0,4.393939393939394,2.0,1.4545454545454546,1.0,15.242424242424242,1.0
3503.0,8.616438356164384,0.0,11939.0,4.624145785876993,2.0,1.4464692482915718,1.0,10.009111617312072,0.0
3500.0,12.134246575342466,0.0,6798.0,3.5730337078651684,2.0,1.4157303370786516,1.0,23.292134831460675,0.0
3498.0,6.523287671232877,41.0,17311.0,8.157377049180328,6.0,1.2918032786885245,1.0,28.97377049180328,0.0
3494.0,6.63013698630137,1000.0,253805.0,4.724531749657378,2.0,1.261991777067154,1.0,35.04454088624943,0.0
3494.0,8.495890410958904,6.0,69817.0,5.781512605042017,3.0,1.330532212885154,1.0,1642.8795518207282,13.0
3490.0,7.545205479452055,6.0,1481.0,5.1891891891891895,3.0,1.554054054054054,1.5,4.013513513513513,0.0
3486.0,8.263013698630138,24.0,31559.0,7.88339552238806,6.0,1.2555970149253732,1.0,5.060634328358209,0.0
3485.0,9.509589041095891,2.0,478.0,8.0,7.5,1.0,1.0,56.5,0.5
3483.0,9.698630136986301,119.0,359018.0,22.34261948772115,31.0,1.11790335357803,1.0,84.16556641140744,37.0
3482.0,8.265753424657534,0.0,2293.0,3.3376623376623376,3.0,1.077922077922078,1.0,3.5779220779220777,0.0
3481.0,9.123287671232877,59.0,15397.0,5.381856540084388,3.0,1.3164556962025316,1.0,53.81645569620253,0.0
3476.0,8.35068493150685,19.0,1371.0,4.896551724137931,3.0,1.5862068965517242,1.0,50.13793103448276,0.0
3468.0,3.5315068493150683,3.0,9237.0,5.175,3.0,1.23,1.0,7.825,0.0
3468.0,8.147945205479452,10.0,1166.0,5.6521739130434785,2.0,1.173913043478261,1.0,28.17391304347826,1.0
3468.0,11.704109589041096,11.0,68076.0,4.742672249714503,3.0,1.2950133231823373,1.0,28.896840502474305,0.0
3467.0,7.8273972602739725,0.0,2214.0,7.305555555555555,6.0,1.8194444444444444,1.0,14.583333333333334,1.0
3455.0,4.986301369863014,71.0,3745.0,4.042857142857143,2.0,1.6,1.0,9.985714285714286,0.0
3443.0,8.745205479452055,10.0,12864.0,3.188073394495413,2.0,1.151376146788991,1.0,110.80275229357798,2.0
3443.0,5.989041095890411,28.0,35499.0,6.00587084148728,4.0,1.63013698630137,1.0,47.76712328767123,0.0
3441.0,11.772602739726027,13.0,166605.0,5.518757327080891,4.0,1.518464243845252,1.0,45.689038686987104,1.0
3439.0,5.1945205479452055,0.0,101.0,1.4166666666666667,1.0,1.0,1.0,0.08333333333333333,0.0
3434.0,9.07945205479452,2.0,3101.0,4.867924528301887,3.0,1.5377358490566038,1.0,6.122641509433962,1.0
3433.0,10.506849315068493,4.0,2003.0,3.6296296296296298,2.0,1.2592592592592593,1.0,238.33333333333334,0.0
3433.0,4.402739726027397,140.0,37853.0,6.274423710208562,4.0,1.322722283205269,1.0,22.63885839736553,0.0
3433.0,6.13972602739726,0.0,22397.0,5.382845188284519,3.0,1.2782426778242677,1.0,25.338912133891213,1.0
3432.0,8.257534246575343,0.0,21217.0,1.3380281690140845,1.0,1.004225352112676,1.0,1.4112676056338027,0.0
3429.0,7.024657534246575,23.0,10298.0,4.101307189542483,3.0,1.173202614379085,1.0,10.61111111111111,1.0
3420.0,10.46027397260274,33.0,22657.0,4.208984375,2.0,1.517578125,1.0,15.65234375,0.0
3418.0,11.8,520.0,27433.0,5.495983935742972,4.0,1.5923694779116466,1.0,177.41967871485943,0.0
3417.0,0.9178082191780822,0.0,49847.0,8.245508982035927,6.0,1.5978043912175648,1.0,29.135728542914173,0.0
3409.0,8.112328767123287,0.0,17612.0,4.740932642487047,2.0,1.4093264248704662,1.0,18.935233160621763,1.0
3404.0,2.0986301369863014,10.0,3866.0,6.741293532338308,4.0,1.099502487562189,1.0,11.930348258706468,0.0
3400.0,8.375342465753425,12.0,1958.0,4.9,2.0,1.3,1.0,91.7,1.0
3396.0,13.301369863013699,128.0,137703.0,6.001990898748578,4.0,1.3003412969283277,1.0,16.207906712172925,0.0
3394.0,9.860273972602739,97.0,26670.0,6.9468302658486705,4.0,1.574642126789366,1.0,47.65848670756646,0.0
3394.0,10.75068493150685,0.0,14102.0,4.79155672823219,3.0,1.7176781002638521,1.0,10.839050131926122,0.0
3386.0,8.150684931506849,9.0,9295.0,5.190476190476191,2.0,1.696969696969697,1.0,12.285714285714286,0.0
3385.0,11.334246575342465,103.0,61629.0,5.342047930283225,3.0,1.408496732026144,1.0,53.74074074074074,1.0
3384.0,5.6876712328767125,87.0,50989.0,3.991417497231451,3.0,1.3028792912513842,1.0,8.87735326688815,0.0
3375.0,1.6136986301369862,17.0,13353.0,5.732718894009216,3.0,1.3456221198156681,1.0,6.993087557603687,0.0
3374.0,11.241095890410959,8.0,1626.0,4.926829268292683,3.0,1.6585365853658536,1.0,11.317073170731707,0.0
3374.0,13.413698630136986,0.0,4876.0,2.238095238095238,2.0,1.1130952380952381,1.0,78.50595238095238,0.0
3370.0,8.238356164383562,4.0,5399.0,7.105263157894737,5.0,1.3759398496240602,1.0,20.76691729323308,1.0
3370.0,9.252054794520548,0.0,396.0,5.2,4.5,1.25,1.0,5.2,0.0
3362.0,14.093150684931507,5.0,156398.0,7.257160455805359,5.0,1.8712657838004312,1.0,48.83738835848475,1.0
3354.0,8.27945205479452,0.0,2697.0,4.169354838709677,2.0,1.3306451612903225,1.0,5.096774193548387,1.0
3353.0,6.879452054794521,0.0,3473.0,6.188888888888889,3.0,1.1888888888888889,1.0,34.78888888888889,0.0
3350.0,3.7753424657534245,29.0,55130.0,6.956284153005464,5.0,1.3192818110850897,1.0,25.397345823575332,0.0
3348.0,5.657534246575342,32.0,89039.0,4.595964125560538,2.0,1.3829596412556053,1.0,38.60224215246637,1.0
3347.0,4.772602739726027,2.0,214.0,7.75,4.5,2.0,2.0,20.25,0.0
3345.0,7.912328767123288,40.0,80049.0,3.6102480239847368,2.0,1.2741891523575906,1.0,39.509403107113656,0.0
3338.0,10.523287671232877,8.0,1306.0,2.9148936170212765,1.0,1.446808510638298,1.0,7.723404255319149,1.0
3332.0,7.531506849315068,4.0,1449.0,3.0980392156862746,2.0,1.3137254901960784,1.0,6.705882352941177,0.0
3327.0,12.895890410958904,0.0,33940.0,4.128617363344051,3.0,1.207395498392283,1.0,20.64790996784566,0.0
3325.0,6.506849315068493,33.0,1382.0,4.5,3.0,1.3529411764705883,1.0,39.5,1.0
3321.0,7.465753424657534,4.0,631.0,3.3333333333333335,2.0,1.2222222222222223,1.0,4.333333333333333,0.0
3320.0,9.523287671232877,0.0,2029.0,5.457142857142857,3.5,1.2285714285714286,1.0,1.5285714285714285,0.0
3315.0,6.271232876712329,1.0,16991.0,7.289962825278811,5.0,1.657992565055762,1.0,10.41635687732342,0.0
3309.0,7.2684931506849315,102.0,5131.0,4.609375,3.0,1.28125,1.0,8.28125,1.0
3307.0,7.923287671232877,33.0,4733.0,3.3916666666666666,2.0,1.15,1.0,86.58333333333333,0.0
3305.0,7.35068493150685,8.0,4709.0,2.3375,1.0,1.04375,1.0,9.54375,0.0
3304.0,9.326027397260274,0.0,2057.0,1.699248120300752,2.0,1.0,1.0,1.6842105263157894,0.0
3302.0,6.358904109589041,33.0,6122.0,4.559322033898305,2.0,1.2203389830508475,1.0,15.807909604519773,0.0
